"","time.min","run.4_4","run.4_30","run.4_40","run.4_17","run.4_2","run.4_51","run.4_20","run.4_44","run.4_28","run.4_23"
"1",0,188.592,183.414,175.17,191.512,175.217,188.715,179.796,198.467,180.347,184.853
"2",0.05,188.404,183.517,176.839,191.744,175.685,188.405,179.813,199.723,180.13,182.613
"3",0.1,188.579,182.202,175.589,191.977,175.512,188.125,179.834,198.618,179.83,182.278
"4",0.15,188.216,183.031,175.168,190.462,174.138,187.802,179.752,197.614,180.1,182.099
"5",0.2,188.246,180.632,174.526,191.449,177.061,187.621,179.631,198.282,179.545,181.702
"6",0.25,188.222,183.504,175.037,191.465,174.205,187.262,179.541,197.294,180.375,181.731
"7",0.3,188.126,182.79,174.802,190.321,175.585,187.196,179.653,198.24,179.963,181.519
"8",0.35,188.111,181.845,175.643,190.183,172.742,186.791,179.582,197.157,179.647,181.238
"9",0.4,187.947,182.356,175.321,191.056,174.689,186.598,179.662,198.331,179.412,181.122
"10",0.45,187.914,183.721,175.985,191.924,174.746,186.471,179.451,197.101,179.876,180.962
"11",0.5,187.798,182.859,174.291,189.849,174.773,186.011,179.469,197.414,179.644,180.777
"12",0.55,187.813,180.281,175.84,191.205,174.775,185.858,179.565,198.239,180.115,180.739
"13",0.6,187.702,184.004,174.758,190.561,175.902,185.726,179.472,196.715,178.834,180.45
"14",0.65,187.87,181.192,174.582,190,176.842,185.478,179.462,197.955,180.033,180.496
"15",0.7,187.655,181.471,176.394,190.666,174.733,185.395,179.368,197.623,178.662,180.144
"16",0.75,187.623,182.308,173.847,189.442,173.602,185.173,179.515,197.31,179.451,180.075
"17",0.8,187.533,181.574,174.767,191.255,176.252,184.995,179.291,196.708,178.821,179.879
"18",0.85,187.56,181.862,173.141,191.363,174.615,184.81,179.188,199.256,179.31,179.85
"19",0.9,187.329,182.282,175.018,190.561,174.989,184.549,179.191,196.334,179.305,179.598
"20",0.95,187.299,181.707,174.619,189.738,173.046,184.431,179.117,196.963,178.83,179.566
"21",1,187.285,182.051,173.476,189.872,174.2,184.167,179.285,196.944,178.513,179.471
"22",1.05,187.228,181.524,174.512,190.001,173.28,184.146,179.187,196.859,178.933,179.333
"23",1.1,187.166,180.954,175.232,190.684,174.989,184.045,179.211,197.926,179.006,179.289
"24",1.15,187.072,180.592,174.06,190.097,174.796,183.882,179.142,196.615,178.649,179.194
"25",1.2,186.952,180.344,173.633,190.339,173.888,183.758,178.874,196.608,178.086,179.18
"26",1.25,186.976,181.297,174.527,189.119,173.735,183.481,179.051,196.742,178.96,179.113
"27",1.3,186.971,180.265,174.114,189.911,174.25,183.193,178.927,197.295,177.778,178.889
"28",1.35,187.035,181.58,174.28,189.317,172.71,182.961,179.028,196.372,178.172,179.165
"29",1.4,186.896,181.491,174.138,188.407,174.19,182.873,178.799,195.996,178.64,178.768
"30",1.45,186.79,182.135,172.347,191.486,175.156,182.574,178.577,196.056,178.641,178.763
"31",1.5,186.743,181.793,171.56,190.183,172.033,182.459,178.893,197.538,178.98,178.883
"32",1.55,186.766,181.015,173.425,189.648,173.637,182.257,178.708,196.167,178.384,178.61
"33",1.6,186.761,181.537,172.241,188.888,173.56,182.168,178.743,196.7,178.383,178.553
"34",1.65,186.522,181.788,172.615,189.345,175.218,181.993,178.864,197.127,178.281,178.62
"35",1.7,186.687,182.147,173.715,190.285,173.988,181.989,178.68,196.973,177.941,178.414
"36",1.75,186.478,182.635,172.814,189.146,175.801,181.941,178.518,195.913,177.708,178.439
"37",1.8,186.535,181.549,173.36,188.321,173.455,181.618,178.677,196.154,178.178,178.335
"38",1.85,186.43,181.432,173.276,188.644,173.51,181.447,178.527,197.581,177.892,178.335
"39",1.9,186.371,181.719,171.998,188.926,171.952,181.471,178.685,196.953,177.424,178.278
"40",1.95,186.206,181.884,173.891,189.577,173.819,181.156,178.479,195.975,178.897,178.339
"41",2,186.157,181.451,173.26,187.899,174.119,181.193,178.522,195.878,177.672,178.287
"42",2.05,186.123,181.671,172.401,188.357,174.312,181.164,178.396,196.635,178.07,178.067
"43",2.1,186.268,182.386,173.079,188.304,175.232,180.991,178.505,197.129,178.019,178.145
"44",2.15,186.187,181.44,172.968,188.479,171.617,180.839,178.418,197.724,176.995,177.893
"45",2.2,186.043,181.985,171.845,189.624,171.964,180.665,178.385,196.001,177.551,178.125
"46",2.25,186.081,180.87,172.705,189.237,174.587,180.603,178.416,195.263,177.768,178.034
"47",2.3,186.009,181.747,172.482,189.56,173.96,180.593,178.334,197.309,177.56,177.974
"48",2.35,185.788,182.377,172.795,188.282,174.757,180.59,178.339,196.725,178.266,177.968
"49",2.4,185.761,183.422,173.236,189.178,170.619,180.3,178.219,196.501,178.524,177.824
"50",2.45,185.743,181.882,172.867,187.764,173.265,180.229,178.284,195.999,177.474,177.833
"51",2.5,185.799,182.161,173.28,187.365,174.608,180.127,178.313,196.659,176.884,177.659
"52",2.55,185.756,181.159,172.815,188.155,173.496,180.049,178.261,196.455,177.738,177.818
"53",2.6,185.711,182.166,172.005,187.284,173.156,179.952,178.127,197.277,178.261,177.842
"54",2.65,185.67,181.451,171.853,188.081,172.198,179.923,178.235,196.68,177.225,177.688
"55",2.7,185.545,180.982,172.85,187.629,172.003,179.866,177.927,195.614,177.37,177.717
"56",2.75,185.548,181.336,172.142,187.172,174.313,179.643,178.354,195.595,176.444,177.653
"57",2.8,185.529,180.366,172.497,188.434,172.459,179.716,177.96,196.489,177.422,177.609
"58",2.85,185.506,180.289,172.493,188.168,173.887,179.605,177.976,196.41,177.373,177.733
"59",2.9,185.37,181.133,172.101,187.265,172.335,179.364,178.045,195.464,177.433,177.548
"60",2.95,185.488,181.621,171.668,187.943,173.31,179.384,177.901,196.056,176.746,177.567
"61",3,185.288,182.768,171.187,188.367,171.914,179.386,178.059,196.379,176.717,177.464
"62",3.05,185.152,180.743,172.632,187.259,173.815,179.341,177.949,196.325,176.747,177.479
"63",3.1,185.234,180.438,172.492,188.064,174.123,179.096,177.915,195.054,177.415,177.432
"64",3.15,185.157,180.585,171.362,187.275,173.419,179.056,177.872,196.582,177.017,177.497
"65",3.2,185.261,178.926,171.86,187.8,172.111,178.863,177.673,196.016,177.806,177.506
"66",3.25,184.977,180.82,172.043,186.952,173.82,178.846,177.903,196.928,178.08,177.439
"67",3.3,185.155,180.271,171.606,186.783,174.033,178.92,177.671,196.139,176.435,177.476
"68",3.35,184.98,180.879,171.876,187.687,173.529,178.684,177.588,196.404,177.58,177.407
"69",3.4,184.945,179.14,172.008,186.889,173.339,178.512,177.524,194.289,176.954,177.428
"70",3.45,184.741,181.502,172.051,187.006,173.335,178.471,177.514,195.493,177.442,177.324
"71",3.5,184.706,180.695,171.006,187.59,173.153,178.48,177.49,195.192,177.091,177.436
"72",3.55,184.861,181.072,170.236,188.063,172.896,178.4,177.529,197.202,177.26,177.351
"73",3.6,184.782,181.149,171.398,185.986,172.367,178.457,177.563,195.551,176.456,177.151
"74",3.65,184.646,180.259,170.643,186.909,170.801,178.396,177.634,196.623,176.474,177.291
"75",3.7,184.504,181.76,171.607,187.195,172.038,178.131,177.597,195.432,176.034,177.258
"76",3.75,184.625,181.663,171.481,188.219,175.183,178.025,177.366,194.955,176.979,177.259
"77",3.8,184.448,180.256,171.409,186.586,174.706,177.983,177.393,195.913,177.73,177.249
"78",3.85,184.457,181.564,170.344,186.498,171.551,177.862,177.272,195.867,176.247,177.309
"79",3.9,184.442,181.096,170.871,186.878,174.205,177.967,177.288,195.417,176.438,177.121
"80",3.95,184.394,181.081,170.647,186.061,173.126,177.84,177.305,194.689,176.562,177.078
"81",4,184.338,181.073,170.367,186.242,171.908,177.723,177.08,194.313,177.13,177.089
"82",4.05,184.513,179.371,171.548,187.276,173.114,177.655,177.254,196.061,176.799,177.197
"83",4.1,184.322,180.55,171.321,185.753,172.813,177.737,177.143,196.473,176.483,177.106
"84",4.15,184.44,179.856,169.892,186.434,172.654,177.614,177.087,195.31,175.712,177.149
"85",4.2,184.272,179.84,171.307,187.33,173.202,177.569,177.219,194.7,176.69,177.106
"86",4.25,184.113,180.002,172.122,186.289,171.18,177.608,176.991,193.835,176.639,177.069
"87",4.3,184.096,181.164,170.311,185.512,171.656,177.446,176.939,194.195,176.587,177.129
"88",4.35,183.987,181.825,171.474,186.062,172.79,177.367,177.102,193.651,175.883,177.151
"89",4.4,184.203,180.986,170.404,185.134,173.416,177.368,176.975,195.358,176.417,176.863
"90",4.45,183.932,179.655,170.304,186.584,172.77,177.426,177.095,195.811,176.2,176.98
"91",4.5,183.941,179.892,169.242,186.121,173.495,177.303,176.943,195.703,176.242,177.023
"92",4.55,183.924,180.002,171.042,186.197,171.777,177.158,177.044,195.327,175.907,176.884
"93",4.6,183.838,180.61,170.92,185.219,173.584,177.159,176.667,196.314,176.169,176.85
"94",4.65,183.797,181.142,171.676,186.162,172.087,177.044,176.79,196.26,175.959,176.94
"95",4.7,183.71,180.001,170.9,185.417,171.631,176.858,176.763,194.517,176.508,176.88
"96",4.75,183.594,179.718,168.791,185.901,173.1,176.967,176.755,195.059,175.975,176.878
"97",4.8,183.527,180.314,170.334,184.839,173.355,176.937,176.841,195.94,175.922,176.849
"98",4.85,183.638,179.158,170.016,185.768,172.347,176.943,176.867,195.087,175.6,176.722
"99",4.9,183.357,181.33,170.318,185.364,172.283,176.828,176.829,194.298,176.121,176.864
"100",4.95,183.421,179.654,170.397,184.731,171.071,176.663,176.513,194.527,175.806,176.696
"101",5,183.548,181.566,170.752,185.5,172.888,176.677,176.592,195.703,176.315,176.787
"102",5.05,183.521,181.39,170.171,185.792,172.653,176.721,176.599,195.282,175.554,176.731
"103",5.1,183.551,179.232,170.208,185.692,172.259,176.58,176.684,195.006,175.496,176.754
"104",5.15,183.465,178.801,170.964,185.423,172.217,176.615,176.601,195.206,175.071,176.746
"105",5.2,183.289,180.656,170.078,185.493,172.758,176.468,176.506,194.922,175.549,176.538
"106",5.25,183.289,180.045,170.232,184.815,171.838,176.62,176.363,194.514,175.584,176.664
"107",5.3,183.129,180.339,169.28,184.158,174.01,176.604,176.529,194.087,175.449,176.646
"108",5.35,183.28,179.093,170.276,184.445,172.902,176.365,176.433,195.735,174.791,176.678
"109",5.4,183.209,180.873,169.001,184.385,171.328,176.364,176.228,193.649,175.541,176.562
"110",5.45,183.084,178.444,169.63,185.071,170.696,176.343,176.306,194.935,175.362,176.586
"111",5.5,183.149,180.543,169.153,183.778,172.168,176.371,176.223,194.606,175.059,176.447
"112",5.55,183.081,182.102,169.809,185.484,172.599,176.263,176.108,193.973,175.059,176.471
"113",5.6,182.903,181.584,170.08,184.592,172.4,176.19,176.258,193.699,175.072,176.574
"114",5.65,183.003,180.615,170.685,185.321,171.246,176.03,176.211,195.267,175.329,176.487
"115",5.7,182.841,180.452,171.109,185.456,171.343,176.077,176.161,195.247,174.645,176.562
"116",5.75,182.931,178.99,168.728,184.762,170.187,176.001,176.089,194.193,175.393,176.605
"117",5.8,182.81,179.415,168.915,185.087,173.161,175.954,176.246,194.188,175.09,176.323
"118",5.85,182.701,180.994,169.289,184.909,171.974,175.867,176.162,194.559,175.198,176.479
"119",5.9,182.718,179.721,170.348,184.991,171.573,175.913,176.047,194.654,174.763,176.364
"120",5.95,182.696,179.479,169.708,183.888,170.109,175.861,175.933,193.315,174.802,176.55
"121",6,182.766,180.127,168.519,184.817,172.034,175.889,175.957,195.019,174.642,176.403
"122",6.05,182.655,179.757,168.368,183.356,172.617,175.737,175.837,193.871,175.315,176.449
"123",6.1,182.549,180.71,168.076,184.094,171.845,175.809,175.989,195.441,174.719,176.444
"124",6.15,182.477,179.197,169.15,184.655,172.161,175.649,175.784,195.122,174.71,176.223
"125",6.2,182.436,180.082,168.703,184.089,169.634,175.598,175.864,195.36,174.826,176.373
"126",6.25,182.41,179.762,169.917,182.713,173.166,175.59,175.84,193.952,174.246,176.467
"127",6.3,182.457,178.349,168.582,185.136,171.095,175.522,175.799,194.191,174.979,176.414
"128",6.35,182.437,179.657,169.125,184.086,172.437,175.586,175.635,194.313,175.249,176.465
"129",6.4,182.342,177.426,168.73,184.621,173.049,175.658,175.595,194.437,175.054,176.348
"130",6.45,182.347,180.664,168.867,184.113,170.692,175.481,175.749,194.485,174.978,176.241
"131",6.5,182.229,178.396,168.076,184.658,170.432,175.539,175.76,194.25,175.267,176.307
"132",6.55,182.29,179.204,168.328,183.703,171.68,175.405,175.693,193.775,174.012,176.309
"133",6.6,182.225,180.859,168.984,185.303,171.323,175.297,175.597,194.396,174.65,176.251
"134",6.65,182.148,179.712,168.185,183.857,174.33,175.333,175.627,193.865,174.533,176.35
"135",6.7,182.175,179.146,168.837,183.527,171.256,175.222,175.476,193.543,174.52,176.233
"136",6.75,182.186,177.861,168.726,183.209,171.009,175.205,175.476,194.096,174.019,176.272
"137",6.8,181.938,180.268,169.031,184.461,172.872,175.26,175.633,193.564,174.403,176.08
"138",6.85,182.074,178.604,167.787,184.529,171.201,175.244,175.402,193.213,174.184,176.104
"139",6.9,182.005,180.702,168.037,183.77,172.113,174.961,175.455,194.306,174.648,176.102
"140",6.95,181.92,178.436,168.66,182.344,170.554,175.03,175.508,193.269,174.392,176.163
"141",7,181.896,180.229,167.382,184.026,171.129,175.048,175.317,193.97,174.537,175.991
"142",7.05,181.829,178.707,168.183,182.692,171.46,174.999,175.498,194.329,174.754,176.029
"143",7.1,181.828,179.707,168.189,183.88,173.045,174.871,175.482,194.362,174.519,175.948
"144",7.15,181.799,177.518,167.051,183.067,172.228,174.85,175.183,194.122,173.941,175.926
"145",7.2,181.744,179.207,168.716,183.188,171.563,174.896,175.271,195.223,174.155,176.053
"146",7.25,181.732,179.891,167.105,183.348,172.261,174.672,175.299,193.887,174.349,176.069
"147",7.3,181.599,179.756,167.62,183.257,171.178,174.671,175.149,193.639,174.407,176.072
"148",7.35,181.665,178.721,167.222,183.017,172.027,174.739,175.242,193.759,174.098,176.14
"149",7.4,181.514,179.146,168.222,182.928,173.407,174.762,175.147,194.029,173.682,175.831
"150",7.45,181.513,179.784,167.394,183.358,170.819,174.657,175.113,192.847,173.408,176.12
"151",7.5,181.494,180.595,167.871,183.076,170.823,174.719,175.083,195.101,173.519,175.96
"152",7.55,181.365,179.206,167.598,183.122,171.698,174.593,175.131,193.285,173.483,175.827
"153",7.6,181.342,178.926,167.711,182.852,171.768,174.604,175.062,193.089,173.163,175.857
"154",7.65,181.43,178.834,168.588,183.356,172.518,174.464,175.018,192.615,173.46,175.846
"155",7.7,181.438,178.963,166.533,183.044,170.732,174.546,175,194.116,173.444,175.949
"156",7.75,181.454,180.907,168.005,182.949,171.092,174.575,174.951,192.849,173.755,175.811
"157",7.8,181.381,180.321,167.348,182.576,173.402,174.352,174.806,194.797,173.717,175.815
"158",7.85,181.305,179.133,168.209,183.029,171.154,174.507,174.767,194.065,173.311,175.826
"159",7.9,181.21,179.895,167.573,183.011,171.626,174.436,174.946,193.477,173.324,175.772
"160",7.95,181.2,179.104,167.203,183.03,171.91,174.395,174.785,193.676,173.579,175.79
"161",8,181.171,179.728,167.357,182.297,171.562,174.308,174.853,193.039,173.512,175.885
"162",8.05,181.107,179.398,166.974,182.331,169.348,174.266,174.608,193.615,173.748,175.658
"163",8.1,180.946,177.842,166.848,182.057,170.632,174.254,174.543,193.388,173.694,175.815
"164",8.15,180.943,178.861,168.301,182.042,169.819,174.053,174.654,193.586,173.381,175.752
"165",8.2,181.05,179.87,167.091,182.503,170.732,174.077,174.626,194.636,173.597,175.755
"166",8.25,180.909,179.942,166.937,182.657,171.545,174.086,174.655,193.141,172.855,175.754
"167",8.3,180.953,179.178,165.93,181.839,170.558,174.037,174.55,193.314,173.317,175.758
"168",8.35,181.011,178.529,166.048,181.528,170.256,174.046,174.382,192.89,173.361,175.648
"169",8.4,180.892,178.766,166.657,182.612,171.855,174.049,174.691,192.621,174.335,175.668
"170",8.45,180.756,179.034,166.821,182.094,169.177,173.93,174.489,192.972,173.196,175.659
"171",8.5,180.821,178.76,167.03,181.366,171.208,173.989,174.37,192.293,172.714,175.662
"172",8.55,180.57,180.076,168.372,181.857,171.674,173.959,174.542,193.075,172.968,175.666
"173",8.6,180.736,178.48,165.555,181.024,171.344,173.798,174.351,192.894,172.77,175.581
"174",8.65,180.697,178.972,166.939,182.003,169.729,173.848,174.347,194.132,173.111,175.773
"175",8.7,180.522,177.489,166.843,181.577,170.254,173.879,174.505,192.419,173.204,175.636
"176",8.75,180.575,177.354,166.478,182.517,170.166,173.848,174.399,193.511,172.864,175.581
"177",8.8,180.562,180.045,167.122,181.62,170.541,173.592,174.197,192.119,172.899,175.499
"178",8.85,180.558,178.854,166.979,182.22,169.913,173.706,174.123,192.532,172.612,175.485
"179",8.9,180.357,178.318,166.676,182.031,169.677,173.675,174.142,192.285,173.255,175.494
"180",8.95,180.407,179.116,165.604,181.414,169.911,173.787,174.198,194.222,173.108,175.523
"181",9,180.21,179.365,165.69,182.016,171.027,173.602,174.198,192.407,172.538,175.383
"182",9.05,180.393,178.43,165.796,180.981,169.946,173.45,174.027,192.726,172.5,175.427
"183",9.1,180.265,179.919,166.491,181.463,169.811,173.578,174.189,192.468,173.229,175.39
"184",9.15,180.321,178.683,166.016,181.625,169.732,173.47,174.122,191.873,172.658,175.394
"185",9.2,180.221,178.712,165.171,181.059,170.212,173.473,174.053,192.016,171.795,175.467
"186",9.25,180.22,178.032,166.093,180.904,170.391,173.392,174.118,192.823,172.176,175.438
"187",9.3,180.247,178.706,167.336,180.888,168.177,173.41,174.043,191.554,172.756,175.463
"188",9.35,180.014,177.822,165.614,181.462,169.243,173.342,173.975,193.314,172.542,175.319
"189",9.4,180.029,178.944,166.455,181.015,169.949,173.163,173.74,192.556,172.441,175.328
"190",9.45,179.977,178.737,166.93,179.786,170.419,173.347,174.032,190.916,172.873,175.413
"191",9.5,179.944,179.76,165.683,181.336,169.49,173.276,173.909,192.972,172.36,175.266
"192",9.55,179.952,177.19,166.595,180.885,168.439,173.253,173.768,193.503,172.837,175.399
"193",9.6,179.788,178.849,166.275,180.882,168.39,173.196,173.821,193.029,172.428,175.315
"194",9.65,179.74,178.147,166.438,180.796,170.183,173.262,173.62,193.15,172.451,175.189
"195",9.7,179.769,178.894,166.042,181.287,170.36,173.153,173.682,192.618,172.211,175.452
"196",9.75,179.822,178.829,166.489,181.246,171.941,173.173,173.669,192.391,173.176,175.348
"197",9.8,179.731,177.364,166.496,181.034,170.735,173.143,173.7,191.819,172.164,175.116
"198",9.85,179.709,179.184,166.231,181.057,169.276,173.147,173.475,193.196,171.89,175.277
"199",9.9,179.693,179.211,165.671,180.691,172.155,173.128,173.72,192.561,172.343,175.246
"200",9.95,179.669,178.852,166.117,179.694,170.904,172.917,173.589,192.945,171.638,175.046
"201",10,179.583,178.659,165.277,180.281,169.492,172.818,173.602,191.47,171.772,175.151
"202",10.05,179.597,177.801,166.084,180.583,171.915,172.976,173.454,191.734,172.37,175.235
"203",10.1,179.514,178.844,165.694,180.742,168.715,172.856,173.401,191.689,171.662,175.245
"204",10.15,179.423,178.33,165.579,180.2,169.765,172.852,173.597,191.774,172.058,175.071
"205",10.2,179.417,178.697,165.641,180.312,169.374,172.93,173.586,192.042,171.838,175.217
"206",10.25,179.479,177.883,165.369,180.786,171.889,172.735,173.278,191.997,171.849,174.96
"207",10.3,179.377,177.985,166.582,180.406,170.644,172.799,173.373,192.096,171.413,175.062
"208",10.35,179.415,178.648,165.396,179.858,169.32,172.742,173.265,191.55,171.325,174.949
"209",10.4,179.282,178.499,165.526,180.205,170.675,172.803,173.363,193.579,171.743,175.009
"210",10.45,179.393,176.286,165.54,180.305,169.152,172.597,173.319,192.532,171.559,175.091
"211",10.5,179.241,178.341,165.251,178.926,170.209,172.49,173.219,193.41,172.253,175.092
"212",10.55,179.274,178.003,165.382,180.916,169.52,172.575,173.331,192.091,170.879,175.038
"213",10.6,179.178,178.648,165.406,179.596,168.843,172.601,173.224,193.213,171.018,174.799
"214",10.65,179.064,177.65,165.789,180.414,169.749,172.556,173.05,191.996,171.726,174.956
"215",10.7,179.045,178.055,166.171,180.038,171.025,172.536,173.299,191.774,171.93,174.954
"216",10.75,178.968,179.096,166.025,180.441,169.685,172.587,173.074,191.092,171.734,174.932
"217",10.8,179.11,177.258,165.552,180.119,168.539,172.427,173.034,191.316,171.69,174.87
"218",10.85,178.961,178.163,164.726,180.465,168.669,172.451,173.167,192.975,171.389,174.997
"219",10.9,178.997,177.984,163.823,179.958,168.559,172.522,172.951,192.32,171.632,174.878
"220",10.95,178.863,177.183,164.798,178.923,169.931,172.323,173.034,191.347,171.943,174.793
"221",11,178.991,176.825,164.639,180.72,168.307,172.322,172.825,192.842,170.927,174.735
"222",11.05,178.839,177.592,164.404,179.292,170.171,172.223,172.657,190.697,171.036,174.714
"223",11.1,178.908,177.442,165.748,179.135,167.838,172.31,172.863,191.017,170.918,174.841
"224",11.15,178.858,177.312,164.595,179.574,169.208,172.258,172.744,191.676,170.819,174.781
"225",11.2,178.834,177.257,165.035,180.022,167.27,172.278,172.906,192.415,171.002,174.812
"226",11.25,178.786,177.695,165.71,180.103,170.355,172.221,172.876,191.737,171.425,174.707
"227",11.3,178.624,180.277,164.664,180.395,168.72,172.161,172.687,191.945,170.618,174.871
"228",11.35,178.618,179.151,164.553,178.975,170.105,172.169,172.892,191.792,170.99,174.812
"229",11.4,178.615,177.681,165.32,179.803,169.068,172.179,172.827,191.451,171.815,174.656
"230",11.45,178.603,178.065,163.684,179.479,170.547,172.105,172.568,190.588,171.055,174.698
"231",11.5,178.578,177.902,164.74,180.509,167.972,172.138,172.772,191.499,170.294,174.81
"232",11.55,178.51,177.901,164.825,179.529,168.924,172.245,172.771,190.625,170.677,174.609
"233",11.6,178.38,177.117,164.724,180.296,168.405,171.883,172.403,191.417,171.162,174.665
"234",11.65,178.39,176.988,164.445,179.18,169.209,171.927,172.562,191.397,170.675,174.705
"235",11.7,178.339,177.68,165.405,179.975,167.874,171.971,172.446,191.883,170.787,174.73
"236",11.75,178.25,178.123,163.789,179.382,169.171,171.859,172.447,190.961,171.244,174.584
"237",11.8,178.412,177.124,164.232,178.535,168.592,171.849,172.355,190.582,170.556,174.551
"238",11.85,178.466,177.445,164.167,180.263,171.401,171.755,172.434,191.611,170.695,174.471
"239",11.9,178.214,178.494,164.734,178.115,170.213,171.738,172.59,190.936,170.639,174.533
"240",11.95,178.284,178.157,165.769,177.993,169.493,171.647,172.344,191.644,170.386,174.539
"241",12,178.217,177.94,164.149,179.501,167.542,171.703,172.369,191.036,170.866,174.593
"242",12.05,178.126,178.495,164.37,179.192,169.847,171.657,172.504,190.634,170.976,174.569
"243",12.1,178.178,178.045,164.315,179.195,170.347,171.65,172.412,191.515,170.514,174.561
"244",12.15,178.146,178.052,164.454,179.83,167.969,171.686,172.295,190.78,170.012,174.474
"245",12.2,178.062,176.064,163.852,179.057,168.296,171.588,171.973,191.518,170.3,174.471
"246",12.25,178.174,177.519,164.146,179.256,169.809,171.513,172.189,189.36,170.727,174.374
"247",12.3,177.975,176.633,164.491,178.189,168.936,171.427,172.218,191.345,170.978,174.495
"248",12.35,177.954,176.985,163.444,179.111,169.136,171.567,172.093,190.515,170.587,174.448
"249",12.4,177.99,179.192,163.701,179.713,168.541,171.445,172.035,190.925,170.028,174.432
"250",12.45,177.997,176.755,163.526,179.294,169.452,171.522,171.934,190.646,170.113,174.377
"251",12.5,177.85,178.035,163.105,178.628,169.311,171.443,172.017,191.016,170.079,174.391
"252",12.55,177.89,176.594,163.679,178.644,169.706,171.346,172.003,190.062,169.933,174.457
"253",12.6,177.697,178.137,163.236,179.657,169.358,171.386,171.823,190.459,169.936,174.441
"254",12.65,177.84,179.022,163.111,178.103,168.309,171.385,171.877,190.798,170.303,174.351
"255",12.7,177.773,178.299,163.546,178.691,170.003,171.346,171.937,189.197,170.022,174.392
"256",12.75,177.738,177.562,163.492,177.822,168.922,171.253,171.879,191.4,169.904,174.328
"257",12.8,177.865,176.855,162.643,179.17,169.433,171.223,171.895,191.755,169.421,174.239
"258",12.85,177.636,178.054,162.889,178.487,169.44,171.215,171.848,190.738,171.068,174.279
"259",12.9,177.797,177.425,162.704,177.974,170.297,171.19,171.781,189.433,169.569,174.135
"260",12.95,177.544,177.328,163.778,177.783,167.36,171.211,171.833,191.077,170.2,174.189
"261",13,177.626,177.629,162.786,178.686,168.059,171.272,171.712,190.385,170.11,174.083
"262",13.05,177.467,177.368,162.644,177.873,169.224,171.08,171.529,190.558,169.795,174.175
"263",13.1,177.575,176.921,163.111,178.628,169.126,171.116,171.546,191.303,168.516,174.29
"264",13.15,177.301,177.49,163.148,177.391,169.46,171.073,171.519,190.389,169.836,174.073
"265",13.2,177.461,177.833,162.459,178.374,167.664,171.096,171.444,190.407,169.433,174.227
"266",13.25,177.409,177.39,163.057,177.022,168.704,170.964,171.547,190.216,169.752,174.214
"267",13.3,177.525,176.656,162.422,177.691,167.649,171.007,171.58,190.261,170.179,174.07
"268",13.35,177.358,177.472,163.211,178.808,168.223,170.832,171.296,190.271,169.301,174.051
"269",13.4,177.36,176.964,163.223,177.6,167.133,170.768,171.386,190.631,170.594,174.082
"270",13.45,177.246,177.234,161.65,177.864,169.536,170.945,171.471,190.528,169.825,174.02
"271",13.5,177.32,176.609,163.345,178.481,167.267,170.873,171.421,189.642,169.561,174.034
"272",13.55,177.119,177.113,162.938,177.766,170.12,170.847,171.589,190.361,169.132,174.041
"273",13.6,177.063,177.22,162.612,177.216,166.987,170.839,171.315,190.25,169.474,174.052
"274",13.65,177.171,177.182,163.085,177.288,168.119,170.738,171.39,189.998,169.507,174.04
"275",13.7,177.105,177.963,163.002,177.473,169.953,170.587,171.142,190.49,169.767,174.051
"276",13.75,177.236,175.104,162.646,178.062,167.54,170.711,171.175,189.295,169.047,173.963
"277",13.8,176.938,176.644,162.34,177.034,167.217,170.552,171.101,190.639,168.974,174.003
"278",13.85,177.04,174.647,163.18,177.594,167.753,170.517,171.055,189.438,168.933,173.864
"279",13.9,176.986,176.168,161.697,178.288,168.19,170.299,171.031,189.73,168.417,173.872
"280",13.95,176.921,176.544,162.438,178.407,167.648,170.386,171.017,188.996,169.351,174.011
"281",14,176.722,177.219,161.877,178.146,168.272,170.405,171.099,189.866,168.684,173.956
"282",14.05,176.944,175.716,160.821,176.603,166.905,170.445,170.963,188.969,168.789,173.913
"283",14.1,176.836,177.319,161.737,177.374,166.462,170.419,170.841,190.029,169.548,173.87
"284",14.15,176.701,176.411,161.97,177.383,168.766,170.251,171.019,190.513,169.002,173.798
"285",14.2,176.797,175.779,162.381,177.285,167.548,170.252,170.856,189.503,168.66,173.805
"286",14.25,176.59,175.273,161.92,176.887,169.72,170.309,170.934,189.088,168.671,173.779
"287",14.3,176.663,176.162,161.315,177.413,167.825,170.263,170.988,190.061,169.441,173.676
"288",14.35,176.663,177.435,162.086,177.638,167.286,170.249,170.888,190.282,168.278,173.688
"289",14.4,176.571,175.351,161.259,177.004,167.721,170.234,170.902,190.621,168.822,173.848
"290",14.45,176.441,177.441,160.889,175.565,166.793,170.101,170.747,188.726,168.994,173.805
"291",14.5,176.617,176.523,161.301,176.856,169.662,170.173,170.646,190.534,168.972,173.814
"292",14.55,176.654,175.543,161.529,177.936,168.181,170.147,170.898,190.178,169.33,173.779
"293",14.6,176.428,176.527,161.169,177.389,166.945,170.016,170.757,190.091,168.776,173.6
"294",14.65,176.423,175.89,161.503,176.732,169.883,170.223,170.812,189.407,169.27,173.712
"295",14.7,176.414,176.903,161.227,177.389,168.151,170.087,170.647,189.55,168.389,173.647
"296",14.75,176.279,177.069,161.974,176.686,169.039,169.99,170.627,189.709,168.591,173.72
"297",14.8,176.283,176.827,162.496,176.158,165.688,170.006,170.532,188.671,169.265,173.682
"298",14.85,176.257,177.864,162.079,176.501,166.838,169.81,170.535,189.377,168.954,173.586
"299",14.9,176.138,175.975,160.886,176.565,167.135,169.838,170.483,189.614,167.773,173.64
"300",14.95,176.042,175.318,161.049,176.625,166.952,169.88,170.514,188.78,168.656,173.707
"301",15,176.261,176.354,160.846,176.949,166.127,169.833,170.696,189.173,168.514,173.633
"302",15.05,175.996,176.141,160.874,176.488,167.591,169.865,170.508,189.193,168.071,173.489
"303",15.1,176.075,176.729,161.056,176.308,168.097,169.742,170.351,190.244,167.564,173.567
"304",15.15,176.103,177.573,160.663,176.823,166.598,169.675,170.457,189.374,169.037,173.533
"305",15.2,176.002,176.124,161.509,176.009,168.123,169.64,170.401,190.069,168.878,173.565
"306",15.25,176.013,176.33,160.594,176.733,167.538,169.635,170.412,189.247,168.961,173.511
"307",15.3,176.038,177.473,160.529,176.063,165.987,169.533,170.323,189.707,168.305,173.488
"308",15.35,175.828,176.287,160.772,175.816,167.843,169.522,170.316,189.367,167.072,173.507
"309",15.4,176.041,176.862,161.434,176.854,166.968,169.616,170.389,188.151,168.681,173.548
"310",15.45,175.784,177.698,160.191,176.127,167.028,169.593,170.349,188.445,168.123,173.387
"311",15.5,175.746,175.536,160.29,176.088,167.451,169.579,170.407,188.881,168.892,173.621
"312",15.55,175.737,175.161,160.954,176.622,166.452,169.436,170.379,189.383,167.969,173.552
"313",15.6,175.849,176.163,159.878,176.394,166.247,169.618,170.337,187.972,169.296,173.575
"314",15.65,175.812,175.54,160.481,176.752,166.39,169.511,170.201,188.92,168.336,173.427
"315",15.7,175.641,175.942,159.975,175.799,169.518,169.368,170.344,189.324,167.794,173.372
"316",15.75,175.653,176.053,159.977,176.528,167.189,169.492,170.185,189.418,168.845,173.311
"317",15.8,175.615,176.479,160.856,176.672,165.923,169.53,170.085,188.928,168.363,173.417
"318",15.85,175.618,176.694,160.657,176.506,166.384,169.39,170.275,188.521,167.997,173.404
"319",15.9,175.779,176.096,160.002,175.888,167.47,169.432,169.992,188.209,168.104,173.452
"320",15.95,175.505,176.481,159.643,174.724,167.304,169.309,170.298,188.303,168.526,173.54
"321",16,175.584,175.785,160.231,176.317,167.637,169.352,170.201,189.798,167.416,173.324
"322",16.05,175.553,176.168,160.033,175.759,165.458,169.188,170.039,189.066,167.729,173.43
"323",16.1,175.516,175.328,159.692,176.06,166.383,169.277,170.149,188.663,166.888,173.346
"324",16.15,175.401,175.289,159.745,176.061,166.932,169.265,170.09,187.51,168.231,173.443
"325",16.2,175.46,174.992,160.913,175.428,167.133,169.248,170.081,188.947,168.371,173.434
"326",16.25,175.301,175.766,160.431,175.544,167.079,169.268,170.371,188.755,168.29,173.311
"327",16.3,175.329,176.52,158.826,175.487,166.335,169.237,170.1,188.563,167.531,173.223
"328",16.35,175.152,174.684,160.921,175.447,167.498,169.108,170.062,189.149,168.189,173.355
"329",16.4,175.153,176.221,161.547,175.546,166.612,169.237,170.09,188.43,166.639,173.402
"330",16.45,175.051,175.791,160.279,175.977,168.014,169.106,170.077,188.907,168.228,173.391
"331",16.5,175.159,176.082,159.682,175.093,167.415,168.927,169.921,190.088,167.924,173.418
"332",16.55,175.124,176.12,160.67,175.757,166.351,169.057,170.073,188.301,167.715,173.429
"333",16.6,175.081,175.904,161.47,174.574,165.712,169.032,170.087,188.436,168.192,173.528
"334",16.65,175.027,176.48,159.612,175.236,165.683,168.956,170.1,189.219,167.663,173.492
"335",16.7,175.092,175.791,159.609,175.822,166.238,168.853,170.073,188.881,167.544,173.275
"336",16.75,175.041,175.213,160.845,175.006,165.354,168.872,169.939,187.954,168.377,173.521
"337",16.8,174.971,175.663,160.508,174.969,167.277,168.906,170.146,189.649,167.568,173.368
"338",16.85,174.986,176.103,160.935,175.135,167.068,168.93,169.792,189.737,167.477,173.321
"339",16.9,174.978,175.459,160.868,174.963,166.753,168.942,169.977,189.132,167.482,173.395
"340",16.95,174.936,175.938,159.076,175.936,167.163,168.887,169.975,188.933,168.02,173.265
"341",17,174.904,176.12,160.128,175.233,167.2,168.776,169.836,188.91,168.025,173.29
"342",17.05,174.857,178.052,159.46,175.232,166.91,168.759,170.027,188.662,168.077,173.362
"343",17.1,174.818,175.599,160.188,175.142,166.979,168.913,169.909,188.414,167.195,173.384
"344",17.15,174.819,176.753,160.255,173.993,166.317,168.8,169.95,188.286,167.803,173.439
"345",17.2,174.795,176.35,160.555,174.835,166.484,168.837,169.869,187.975,167.571,173.455
"346",17.25,174.758,175.215,160.142,174.402,166.525,168.774,169.801,188.464,167.365,173.379
"347",17.3,174.829,176.771,159.952,174.926,166.678,168.709,170.065,189.141,168.151,173.343
"348",17.35,174.814,176.93,159.344,174.972,165.296,168.689,169.898,189.319,167.708,173.356
"349",17.4,174.699,175.707,162.499,174.872,166.454,168.733,169.815,189.033,167.803,173.32
"350",17.45,174.672,175.678,159.573,174.119,165.991,168.744,169.927,189.36,167.272,173.418
"351",17.5,174.633,176.622,159.468,174.021,167.001,168.725,169.921,188.408,167.91,173.434
"352",17.55,174.599,176.003,159.665,173.412,166.479,168.613,169.798,188.934,167.249,173.363
"353",17.6,174.535,175.914,160.536,174.636,166.259,168.708,169.832,187.071,167.623,173.228
"354",17.65,174.537,176.196,158.498,175.087,165.559,168.549,169.663,189.058,167.174,173.26
"355",17.7,174.556,176.356,159.406,175.352,166.363,168.569,169.777,188.872,167.984,173.283
"356",17.75,174.47,175.323,160.273,175.804,165.627,168.702,169.861,188.252,167.571,173.247
"357",17.8,174.491,176.736,159.606,175.027,166.61,168.696,169.793,188.527,167.11,173.431
"358",17.85,174.462,175.089,159.639,174.417,167.839,168.601,169.879,188.23,166.802,173.474
"359",17.9,174.353,176.023,159.383,174.141,165.883,168.676,169.977,188.651,167.912,173.315
"360",17.95,174.634,175.878,160.45,174.588,166.533,168.574,169.789,188.047,168.277,173.406
"361",18,174.399,176.083,158.406,174.702,166.368,168.567,169.782,187.463,168.145,173.433
"362",18.05,174.372,176.161,159.913,174.454,165.618,168.602,169.806,187.922,168.464,173.386
"363",18.1,174.53,176.573,160.601,173.982,168.713,168.56,169.762,189.859,168.12,173.236
"364",18.15,174.274,175.836,159.486,174.322,165.409,168.619,169.749,188.717,167.599,173.402
"365",18.2,174.365,176.064,159.233,175.303,166.468,168.618,169.745,188.686,168.473,173.26
"366",18.25,174.276,176.23,159.138,174.258,168.296,168.472,169.794,189.035,168.203,173.316
"367",18.3,174.324,175.829,159.261,174.802,167.485,168.434,169.829,188.418,167.404,173.267
"368",18.35,174.203,176.361,159.091,174.593,165.039,168.442,169.75,188.706,167.976,173.351
"369",18.4,174.241,175.941,159.442,174.376,166.746,168.415,169.93,189.41,167.339,173.417
"370",18.45,174.162,177.049,158.907,174.287,165.879,168.443,169.787,189.178,167.804,173.39
"371",18.5,174.374,176.915,160.553,174.709,165.26,168.489,169.634,188.427,168.177,173.38
"372",18.55,174.147,177.081,159.74,174.122,166.267,168.168,169.889,188.739,168.064,173.355
"373",18.6,174.144,175.878,159.581,174.189,167.999,168.42,169.624,187.359,167.765,173.337
"374",18.65,174.128,175.483,159.01,174.138,166.379,168.35,169.71,188.893,167.115,173.408
"375",18.7,174.003,176.38,159.335,174.075,165.984,168.483,169.629,189.623,168.563,173.219
"376",18.75,173.966,175.865,158.676,174.246,166.869,168.404,169.737,188.18,167.398,173.358
"377",18.8,174.154,176.171,159.471,173.944,167.3,168.333,169.84,188.213,167.828,173.492
"378",18.85,174.017,176.197,158.146,174.036,165.819,168.261,169.738,187.574,167.61,173.388
"379",18.9,174.028,175.565,158.788,173.673,165.47,168.196,169.736,188.525,167.196,173.435
"380",18.95,173.845,176.958,158.158,173.915,166.067,168.325,169.553,188.668,167.535,173.523
"381",19,173.965,175.03,159.122,173.887,165.114,168.293,169.511,188.939,168.08,173.354
"382",19.05,173.881,176.16,159.819,174.45,168.376,168.308,169.662,188.23,168.019,173.48
"383",19.1,173.914,176.156,157.252,173.845,166.829,168.231,169.717,188.245,167.896,173.433
"384",19.15,173.887,174.874,159.9,173.686,167.271,168.298,169.74,188.484,167.009,173.323
"385",19.2,173.962,174.768,158.161,173.514,166.321,168.165,169.567,189.035,168.505,173.366
"386",19.25,173.836,175.787,158.92,173.51,166.002,168.301,169.727,188.784,168.001,173.351
"387",19.3,173.822,175.412,158.701,175.016,165.986,168.239,169.717,188.641,167.756,173.438
"388",19.35,173.786,176.404,159.093,174.703,169.002,168.198,169.594,188.906,168.154,173.402
"389",19.4,173.973,174.095,158.458,172.672,165.486,168.246,169.498,188.696,167.661,173.437
"390",19.45,173.88,176.46,158.305,173.241,166.208,168.124,169.667,188.856,167.254,173.316
"391",19.5,173.729,175.474,158.836,173.733,166.582,168.046,169.693,188.348,167.744,173.34
"392",19.55,173.66,177.477,158.149,172.646,166.72,168.173,169.6,188.944,167.611,173.37
"393",19.6,173.82,176.293,159.103,173.965,165.672,168.166,169.743,188.424,167.892,173.399
"394",19.65,173.671,174.768,158.913,173.601,165.952,168.168,169.569,189.011,167.687,173.314
"395",19.7,173.737,175.597,158.25,173.185,166.728,168.205,169.497,188.878,168.544,173.357
"396",19.75,173.56,175.828,158.959,174.801,167.392,168.197,169.67,188.568,167.956,173.411
"397",19.8,173.531,175.138,158.68,174.163,166.595,168.121,169.501,187.994,167.531,173.448
"398",19.85,173.543,175.817,159.212,173.85,165.51,168.046,169.474,188.428,167.595,173.327
"399",19.9,173.505,176.241,158.931,173.111,165.322,168.056,169.514,188.505,167.696,173.449
"400",19.95,173.613,174.284,158.989,173.893,166.072,168.087,169.587,188.534,167.471,173.408
"401",20,173.476,176.824,158.083,173.024,167.216,168.025,169.472,187.229,167.649,173.432
"402",20.05,173.565,175.935,157.972,173.58,166.755,168.057,169.512,189.064,167.329,173.488
"403",20.1,173.498,176.175,157.713,172.316,167.386,168.075,169.439,187.677,167.592,173.391
"404",20.15,173.361,175.89,158.936,173.824,166.09,167.981,169.571,189.138,167.058,173.541
"405",20.2,173.416,175.39,158.64,173.738,165.595,168.061,169.618,188.579,167.206,173.544
"406",20.25,173.38,176.817,158.72,172.58,167.295,168.022,169.55,188.747,167.614,173.525
"407",20.3,173.232,176.012,158.757,172.718,167.274,167.932,169.437,187.549,167.436,173.505
"408",20.35,173.369,176.099,158.373,173.918,165.368,168.006,169.554,188.877,167.321,173.54
"409",20.4,173.159,175.827,157.903,173.439,166.045,167.901,169.571,188.613,167.199,173.351
"410",20.45,173.198,176.347,157.692,172.683,166.713,167.885,169.468,187.793,167.434,173.406
"411",20.5,173.292,176.067,157.926,173.068,165.245,167.824,169.469,189.29,168.005,173.41
"412",20.55,173.127,175.442,157.878,173.093,165.088,167.96,169.324,189.153,167.333,173.542
"413",20.6,173.157,175.054,159.123,172.602,167.45,167.79,169.439,188.444,167.476,173.369
"414",20.65,173.167,176.057,158.456,173.156,166.644,167.923,169.449,189.297,167.598,173.479
"415",20.7,173.197,175.381,157.762,172.435,166.099,167.803,169.461,187.685,167.357,173.578
"416",20.75,173.098,176.267,158.567,173.128,165.167,167.945,169.53,188.067,167.582,173.342
"417",20.8,173.064,176.095,158.633,173.856,166.82,167.808,169.512,189.44,166.569,173.485
"418",20.85,173.071,175.664,157.634,173.549,166.711,167.813,169.36,188.147,167.276,173.53
"419",20.9,173.037,176.136,158.3,172.59,165.796,167.853,169.466,187.929,167.495,173.435
"420",20.95,173.133,174.91,158.386,173.127,165.772,167.922,169.46,188.042,167.555,173.555
"421",21,173.017,176.266,158.565,172.125,165.988,167.86,169.557,187.091,167.969,173.476
"422",21.05,173.034,175.943,157.875,172.459,166.99,167.977,169.506,187.412,167.333,173.405
"423",21.1,173.013,176.186,159.087,173.172,167.499,167.719,169.479,187.978,168.016,173.454
"424",21.15,173.068,176.05,157.878,172.232,167.282,167.818,169.425,187.85,167.953,173.557
"425",21.2,173.039,175.718,157.293,172.702,166.813,167.76,169.347,189.468,167.366,173.46
"426",21.25,173.031,176.229,158.504,173.226,167.555,167.814,169.228,188.061,167.762,173.466
"427",21.3,172.965,175.542,158.372,173.045,165.923,167.885,169.363,188.026,167.363,173.53
"428",21.35,172.956,175.527,157.967,172.894,166.407,167.795,169.317,188.6,167.398,173.639
"429",21.4,172.913,174.326,157.88,172.285,165.762,167.721,169.453,188.722,167.464,173.559
"430",21.45,172.869,175.607,157.939,172.423,166.131,167.66,169.289,188.033,167.966,173.414
"431",21.5,172.892,174.763,157.099,172.295,165.891,167.752,169.384,188.151,167.374,173.55
"432",21.55,172.904,174.782,157.713,172.754,167.396,167.673,169.329,188.299,166.718,173.455
"433",21.6,172.836,175.121,158.553,172.891,165.022,167.761,169.486,189.134,167.379,173.498
"434",21.65,172.838,176.388,157.055,171.386,167.149,167.756,169.613,187.949,167.164,173.54
"435",21.7,172.765,176.691,158.121,172.433,166.029,167.748,169.231,188.513,167.123,173.465
"436",21.75,172.837,175.694,157.532,172.94,166.054,167.531,169.251,188.128,167.27,173.475
"437",21.8,172.75,177.333,158.722,173.294,166.214,167.605,169.235,188.918,167.508,173.548
"438",21.85,172.745,176.665,158.103,172.63,164.94,167.756,169.391,188.946,167.603,173.574
"439",21.9,172.722,176.168,157.262,171.851,166.373,167.67,169.365,189.072,167.741,173.59
"440",21.95,172.713,175.996,157.505,172.949,166.706,167.8,169.297,188.454,167.789,173.669
"441",22,172.673,175.976,158.032,172.749,165.748,167.774,169.332,188.716,167.35,173.485
"442",22.05,172.522,174.507,158.029,173.363,164.953,167.61,169.523,188.885,167.348,173.472
"443",22.1,172.674,176.041,157.654,172.487,166.396,167.631,169.323,189.066,167.763,173.57
"444",22.15,172.554,175.439,157.824,172.216,166.703,167.688,169.392,187.841,167.224,173.522
"445",22.2,172.583,175.834,158.215,172.059,164.791,167.508,169.348,188.354,166.574,173.551
"446",22.25,172.574,175.03,157.721,172.155,166.035,167.764,169.353,188.665,167.189,173.637
"447",22.3,172.587,175.883,157.914,171.441,165.411,167.678,169.321,189.81,167.164,173.646
"448",22.35,172.467,175.248,157.752,171.472,166.208,167.544,169.364,187.921,166.577,173.63
"449",22.4,172.43,175.221,158.101,171.178,166.891,167.454,169.187,188.119,167.328,173.484
"450",22.45,172.49,174.589,157.945,171.996,165.56,167.513,169.145,188.929,166.299,173.607
"451",22.5,172.428,175.8,156.66,172.385,166.091,167.467,169.364,189.494,167.63,173.501
"452",22.55,172.503,175.486,156.812,171.617,165.489,167.631,169.385,188.215,167.401,173.654
"453",22.6,172.559,175.467,156.813,171.426,165.388,167.528,169.192,188.07,167.311,173.696
"454",22.65,172.54,175.605,157.629,171.441,166.174,167.507,169.344,188.395,167.364,173.678
"455",22.7,172.481,175.519,157.276,171.864,165.317,167.55,169.253,187.942,166.952,173.547
"456",22.75,172.388,176.511,157.518,171.813,166.79,167.431,169.311,188.984,166.842,173.512
"457",22.8,172.425,174.515,158.613,171.862,165.689,167.579,169.29,189.06,167.138,173.538
"458",22.85,172.327,175.146,156.553,172.352,167.213,167.476,169.222,188.891,167.326,173.609
"459",22.9,172.488,175.418,157.549,172.005,166.511,167.461,169.096,188.368,167.254,173.664
"460",22.95,172.388,175.788,157.866,171.697,166.724,167.54,169.317,187.848,167.135,173.553
"461",23,172.305,176.986,157.674,172.049,166.435,167.414,169.279,187.621,167.261,173.614
"462",23.05,172.315,174.516,157.127,171.508,166.271,167.568,169.247,187.687,166.895,173.594
"463",23.1,172.348,175.059,157.073,171.518,166.463,167.539,169.143,188.616,166.448,173.561
"464",23.15,172.253,175.172,156.795,171.447,167.639,167.455,169.173,189.471,167.024,173.582
"465",23.2,172.385,175.783,157.51,171.844,168.088,167.547,169.022,188.407,167.726,173.578
"466",23.25,172.291,176.013,157.68,171.678,165.696,167.483,169.338,190.291,166.934,173.605
"467",23.3,172.265,175.708,157.421,171.394,166.587,167.454,169.411,189.038,166.832,173.629
"468",23.35,172.261,175.113,157.279,171.149,166.254,167.342,169.194,188.157,168.176,173.638
"469",23.4,172.245,175.13,156.121,171.64,166.354,167.426,169.228,188.568,167.144,173.647
"470",23.45,172.21,176.081,157.756,172.727,165.573,167.299,169.318,188.144,167.184,173.632
"471",23.5,172.289,174.553,156.467,172.055,165.605,167.369,169.34,188.688,167.2,173.674
"472",23.55,172.273,175.13,156.884,171.619,165.26,167.397,169.184,188.587,167.341,173.658
"473",23.6,172.102,175.402,156.941,171.394,165.126,167.489,169.009,188.828,167.879,173.623
"474",23.65,172.182,175.737,156.702,171.233,165.91,167.378,169.295,187.981,166.951,173.647
"475",23.7,172.242,176.399,157.747,171.772,167.124,167.338,169.226,188.968,167.107,173.613
"476",23.75,172.106,176.034,157.432,171.404,166.425,167.229,169.182,186.766,167.094,173.63
"477",23.8,172.088,175.316,156.977,171.298,167.071,167.307,169.252,189.364,167.262,173.633
"478",23.85,172.002,175.441,157.333,171.028,166.067,167.35,169.184,188.439,166.743,173.667
"479",23.9,172.077,176.084,156.707,172.267,167.032,167.382,169.153,188.598,166.736,173.769
"480",23.95,172.11,175.877,156.666,170.918,165.978,167.217,169.285,188.285,167.241,173.714
"481",24,172.054,175.384,157.012,170.847,167.14,167.268,169.034,188.855,167.01,173.67
"482",24.05,172.124,175.467,156.36,170.713,167.223,167.291,169.151,188.781,166.669,173.742
"483",24.1,172.102,174.424,157.169,171.253,167.332,167.284,169.051,188.904,167.526,173.701
"484",24.15,172.155,177.898,156.448,171.76,165.36,167.313,169.14,189.043,167.032,173.814
"485",24.2,172.035,174.841,155.857,170.552,164.721,167.353,169.097,188.379,167.055,173.779
"486",24.25,171.897,174.73,157.068,170.931,166.8,167.274,169.062,189.946,166.93,173.717
"487",24.3,171.968,174.428,156.434,170.221,165.661,167.276,169.16,188.938,166.731,173.596
"488",24.35,172.05,174.98,156.743,170.543,165.039,167.333,169.098,187.767,167.231,173.653
"489",24.4,171.962,175.559,156.93,170.135,165.169,167.245,169.191,187.672,166.396,173.745
"490",24.45,171.998,175.774,157.001,171.33,164.893,167.145,169.095,187.103,166.804,173.686
"491",24.5,172.091,174.322,156.57,171.629,165.717,167.284,169.128,188.68,166.373,173.746
"492",24.55,171.895,175.74,156.598,171.742,167.234,167.244,169.121,187.757,166.7,173.647
"493",24.6,171.849,173.649,157.456,172.034,166.374,167.205,169.095,188.416,167.277,173.732
"494",24.65,171.836,174.793,155.976,170.835,166.548,167.237,169.073,189.064,167.257,173.69
"495",24.7,171.709,174.891,157.063,170.963,166.529,167.178,169.195,188.315,167.189,173.645
"496",24.75,171.761,175.346,156.02,171.365,165.776,167.244,169.054,187.556,167.471,173.817
"497",24.8,171.782,175.23,157.268,170.61,165.733,167.217,169.075,188.904,167.282,173.718
"498",24.85,171.757,177.051,156.273,171.192,166.315,167.326,169.288,188.349,166.855,173.801
"499",24.9,171.732,175.058,155.82,172.106,167.001,167.153,169.118,189.387,166.567,173.681
"500",24.95,171.737,174.079,156.011,170.475,166.1,167.197,169.038,188.386,166.77,173.773
"501",25,171.724,174.874,156.78,170.505,166.755,167.196,169.023,187.715,166.985,173.787
"502",25.05,171.747,175.43,157.21,170.111,166.771,167.199,169.109,188.316,166.109,173.742
"503",25.1,171.736,174.966,157.434,171.019,165.054,167.151,169.069,189.232,166.954,173.812
"504",25.15,171.807,176.24,155.166,170.318,165.156,167.126,169.034,188.829,166.899,173.903
"505",25.2,171.697,176.484,156.349,170.395,165.208,167.072,169.054,187.963,167.143,173.773
"506",25.25,171.706,175.002,156.712,170.419,167.497,167.152,168.99,189.276,166.566,173.736
"507",25.3,171.567,176.371,156.675,170.736,167.892,167.048,169.054,188.572,167.142,173.882
"508",25.35,171.629,174.847,155.727,170.945,164.607,167.125,169.042,188.631,167.095,173.836
"509",25.4,171.638,175.898,156.831,171.006,165.938,167.073,168.973,187.896,167.343,173.808
"510",25.45,171.666,175.309,155.994,170.833,166.842,167.123,169.054,188.617,167.203,173.823
"511",25.5,171.517,174.298,155.76,171.343,165.279,167.132,169.066,188.451,167.135,173.706
"512",25.55,171.486,176.747,155.832,169.736,166.695,167.008,168.995,189.585,166.494,173.757
"513",25.6,171.529,175.941,155.345,170.295,165.857,167.075,169.069,188.199,167.64,173.805
"514",25.65,171.498,176.637,156.949,170.191,166.114,167.142,169.027,188.988,167.163,173.761
"515",25.7,171.456,175.358,156.371,170.406,167.09,167.134,169.003,187.948,166.498,173.827
"516",25.75,171.448,176.348,156.652,170.84,166.755,167.101,169.139,187.401,166.94,173.794
"517",25.8,171.582,174.286,156.297,169.746,166.564,167.051,169.084,188.043,167.032,173.956
"518",25.85,171.327,174.583,156.468,169.989,166.026,166.916,169.034,188.075,166.2,173.927
"519",25.9,171.421,176.055,155.638,171.108,164.965,167.063,169.056,188.045,167.77,173.784
"520",25.95,171.565,176.383,155.972,171.567,166.68,166.993,169.109,187.649,167.032,173.829
"521",26,171.301,174.304,156.764,170.426,165.72,166.964,168.817,188.439,166.701,173.779
"522",26.05,171.453,175.906,155.84,170.632,164.188,166.961,169.085,188.816,166.869,173.783
"523",26.1,171.366,176.53,156.207,170.74,165.963,167.051,168.949,188.012,166.073,173.892
"524",26.15,171.35,175.786,155.872,170.48,166.974,166.828,169.038,188.764,167.228,173.763
"525",26.2,171.363,174.225,156.031,169.65,166.098,166.961,169.01,187.904,166.588,173.823
"526",26.25,171.504,174.992,157.026,170.833,165.356,166.99,169.051,188.39,166.198,173.829
"527",26.3,171.423,174.941,156.547,170.473,165.877,166.914,168.929,188.261,166.717,173.885
"528",26.35,171.306,174.367,156.719,169.806,163.816,166.916,168.911,189.038,166.401,173.84
"529",26.4,171.29,176.474,156.52,170.143,165.865,166.957,169.077,186.236,166.244,173.943
"530",26.45,171.267,175.799,156.835,170.373,164.903,166.869,169.062,188.133,167.438,173.816
"531",26.5,171.285,176.037,155.549,170.63,167.124,166.902,168.933,189.823,167.387,173.789
"532",26.55,171.341,175.058,156.295,170.606,166.285,166.943,168.856,188.665,166.699,173.85
"533",26.6,171.27,176.495,155.544,170.648,165.405,166.993,168.965,187.793,166.705,173.843
"534",26.65,171.35,174.352,156.099,169.848,165.598,166.91,168.987,186.997,166.901,173.905
"535",26.7,171.285,175.594,156.721,169.156,166.205,166.959,168.921,187.183,167.091,173.837
"536",26.75,171.29,174.482,156.039,168.963,166.328,167.051,168.953,187.177,166.683,173.874
"537",26.8,171.064,174.133,155.415,170.098,165.644,166.824,169.061,187.996,166.584,173.876
"538",26.85,171.25,175.419,155.552,171.129,165.186,166.793,168.942,189.175,166.007,173.936
"539",26.9,171.191,175.336,155.926,170.397,164.749,166.889,168.919,188.689,166.851,173.995
"540",26.95,171.109,175.727,155.604,169.884,165.125,166.856,168.939,188.585,166.846,173.963
"541",27,171.127,176.048,155.695,169.471,167.456,166.875,168.931,188.718,166.759,173.921
"542",27.05,171.143,175.23,156.2,170.748,163.67,166.787,168.87,187.9,166.829,173.979
"543",27.1,171.04,176.675,154.908,170.437,165.532,166.867,168.843,188.935,166.936,173.9
"544",27.15,171.078,176.035,155.471,170.349,166.418,166.736,168.883,188.41,166.848,173.859
"545",27.2,171.068,174.852,155.497,170.425,166.106,166.784,168.889,188.241,167.277,173.819
"546",27.25,171.073,174.721,155.367,169.543,166.711,166.824,168.833,187.494,166.181,173.84
"547",27.3,171.071,175.977,155.592,170.047,167.267,166.886,168.979,188.835,166.786,173.779
"548",27.35,171.106,174.866,156.263,169.674,164.122,166.818,168.911,188.082,166.965,173.938
"549",27.4,170.932,176.168,156.088,170.518,165.157,166.867,169.221,187.538,166.554,173.874
"550",27.45,170.822,175.384,155.97,170.251,165.726,166.843,169.005,187.433,166.361,173.93
"551",27.5,171.058,175.204,154.364,169.779,167.261,166.836,168.806,187.852,166.349,173.963
"552",27.55,171.007,175.307,155.113,169.407,166.057,166.791,168.796,189.756,166.216,173.891
"553",27.6,170.922,175.535,156.025,169.883,165.658,166.692,168.805,187.456,166.062,173.954
"554",27.65,170.983,176.309,155.041,170.104,165.866,166.844,168.839,187.862,166.626,174.019
"555",27.7,170.856,175.2,155.75,169.928,165.401,166.774,168.742,188.605,166.438,174.018
"556",27.75,170.947,175.382,156.248,169.129,165.509,166.756,168.981,188.408,165.968,173.916
"557",27.8,170.952,175.524,155.422,169.984,166.586,166.772,168.879,187.973,166.428,174.03
"558",27.85,170.954,175.179,155.753,169.738,166.158,166.893,168.697,188.921,166.848,173.976
"559",27.9,170.853,174.992,156.432,169.568,166.704,166.786,168.775,187.46,166.65,173.961
"560",27.95,170.866,176.856,155.122,170.148,163.906,166.69,168.747,188.631,166.316,174.056
"561",28,170.93,176.155,156.704,169.241,164.615,166.786,168.77,188.445,166.618,174.023
"562",28.05,170.909,175.379,155.366,170.278,166.468,166.724,168.779,188.266,166.442,173.836
"563",28.1,170.867,176.708,154.547,170.45,165.832,166.69,168.848,188.427,166.686,174.019
"564",28.15,170.963,175.13,155.102,169.642,165.785,166.589,168.94,187.975,166.642,173.957
"565",28.2,170.855,176.298,155.355,169.416,164.569,166.701,168.852,188.129,166.982,174.011
"566",28.25,170.816,174.901,155.498,169.952,164.996,166.637,168.981,188.867,165.822,174.007
"567",28.3,170.854,175.67,154.419,169.506,165.122,166.667,168.841,187.863,166.86,174.023
"568",28.35,170.816,175.748,156.019,168.992,166.075,166.609,168.841,189.047,166.713,174.068
"569",28.4,170.784,175.678,154.834,170.89,165.657,166.651,169.044,187.627,166.332,173.92
"570",28.45,170.845,176.152,154.792,170.32,163.39,166.739,168.739,188.81,166.871,173.935
"571",28.5,170.866,175.595,156.214,169.112,166.663,166.588,168.935,188.059,166.17,173.976
"572",28.55,170.716,176.799,154.471,170.094,165.976,166.706,168.916,187.642,165.958,174.145
"573",28.6,170.756,175.524,156.066,168.782,165.864,166.595,168.809,189.679,166.478,173.959
"574",28.65,170.746,174.984,153.962,169.59,166.135,166.589,168.876,187.574,167.322,174.039
"575",28.7,170.796,175.744,155.841,170.246,168.236,166.527,168.943,188.781,166.071,174.086
"576",28.75,170.664,175.524,155.35,169.363,165.134,166.603,168.599,187.913,166.297,174.001
"577",28.8,170.719,175.933,155.034,169.896,165.708,166.588,168.829,188.472,166.26,174.117
"578",28.85,170.606,175.953,154.898,168.885,164.908,166.561,168.818,188.955,166.254,174.095
"579",28.9,170.67,174.624,154.81,170.592,166.975,166.627,168.782,188.398,166.843,174.053
"580",28.95,170.666,176.239,154.283,169.59,164.465,166.619,168.739,187.593,166.255,174.007
"581",29,170.539,174.164,154.743,170.892,165.774,166.451,168.852,189.217,166.27,173.918
"582",29.05,170.507,174.773,154.718,169.479,164.618,166.591,168.942,188.319,167.121,174.028
"583",29.1,170.54,175.7,154.918,169.412,166.308,166.627,168.726,187.441,166.083,174.057
"584",29.15,170.527,176.23,155.834,169.794,165.991,166.532,168.64,187.661,165.808,173.994
"585",29.2,170.682,175.732,153.329,169.248,165.016,166.493,168.701,187.216,166.461,174.104
"586",29.25,170.561,175.248,154.785,169.787,166.759,166.578,168.79,188.169,166.885,174.071
"587",29.3,170.645,175.157,155.007,169.891,165.62,166.446,168.778,188.061,166.181,174.098
"588",29.35,170.681,174.72,155.282,168.646,165.401,166.452,168.864,188.565,166.308,174.132
"589",29.4,170.466,177.153,154.427,169.565,163.334,166.533,168.769,187.9,166.805,174.219
"590",29.45,170.498,175.762,154.634,169.269,164.487,166.619,168.68,187.769,165.685,174.197
"591",29.5,170.692,174.987,154.478,169.13,165.277,166.53,168.653,188.17,166.05,174.125
"592",29.55,170.49,175.848,154.683,169.192,166.129,166.588,168.748,188.086,166.005,174.113
"593",29.6,170.519,176.101,155.105,168.62,165.123,166.625,168.778,189.291,165.686,174.094
"594",29.65,170.435,173.995,155.117,169.537,164.226,166.388,168.817,187.675,165.995,174.163
"595",29.7,170.427,175.612,154.636,170.143,166.32,166.402,168.636,187.348,165.508,174.113
"596",29.75,170.471,175.221,154.693,170.596,164.914,166.535,168.811,187.647,165.84,174.126
"597",29.8,170.286,176.08,155.792,169.404,165.032,166.436,168.729,188.517,166.373,174.064
"598",29.85,170.352,175.214,154.791,169.491,166.168,166.47,168.775,188.935,165.951,174.236
"599",29.9,170.482,174.436,154.137,169.628,165.893,166.531,168.715,186.456,166.507,174.22
"600",29.95,170.379,175.772,154.039,169.258,165.983,166.408,168.674,187.889,166.069,174.033
"601",30,170.45,177.003,154.36,168.813,165.42,166.427,168.673,188.608,165.984,174.207
"602",30.05,170.452,175.925,154.027,168.716,164.217,166.488,168.84,188.946,166.477,174.159
"603",30.1,170.372,175.192,154.294,168.742,165.108,166.413,168.619,187.673,166.228,174.221
"604",30.15,170.383,175.89,154.027,169.017,164.934,166.405,168.726,189.921,165.537,174.183
"605",30.2,170.446,176.454,154.643,169.038,164.124,166.457,168.811,187.672,166.009,174.149
"606",30.25,170.424,174.645,155.238,168.124,164.008,166.373,168.764,188.416,166.715,174.238
"607",30.3,170.352,176.444,154.528,169.406,166.237,166.416,168.771,190.068,166.232,174.224
"608",30.35,170.303,174.607,154.175,168.514,166.842,166.368,168.661,188.18,165.916,174.11
"609",30.4,170.283,176.152,155.005,170.267,164.235,166.454,168.77,188.894,165.67,174.28
"610",30.45,170.268,175.689,155.079,169.351,164.935,166.415,168.716,188.232,166.054,174.217
"611",30.5,170.253,175.185,154.375,168.058,164.837,166.249,168.631,188.153,166.712,174.283
"612",30.55,170.302,175.82,154.266,169.064,163.705,166.368,168.658,188.013,165.742,174.3
"613",30.6,170.113,176.821,154.416,169.117,163.676,166.376,168.736,187.634,166.174,174.14
"614",30.65,170.201,175.419,153.971,168.473,166.59,166.32,168.774,188.265,166.324,174.314
"615",30.7,170.232,174.971,154.618,169.074,165.394,166.489,168.699,188.632,165.98,174.305
"616",30.75,170.267,174.558,155.071,169.161,165.585,166.384,168.592,188.724,166.092,174.202
"617",30.8,170.087,175.567,154.315,168.606,164.29,166.39,168.768,187.864,165.396,174.343
"618",30.85,170.269,175.638,154.394,168.757,164.878,166.292,168.62,188.38,166.543,174.351
"619",30.9,170.113,176.693,153.806,169.52,166.019,166.264,168.621,188.026,166.157,174.145
"620",30.95,170.085,175.79,154.696,169.041,166.042,166.322,168.821,188.868,165.94,174.139
"621",31,170.106,175.479,154.021,169.031,165.779,166.298,168.754,187.119,165.562,174.254
"622",31.05,170.105,175.555,154.632,168.413,166.744,166.24,168.706,187.908,166.371,174.261
"623",31.1,170.109,174.82,153.83,168.823,165.094,166.276,168.632,187.919,165.91,174.302
"624",31.15,170.102,175.599,153.821,168.223,166.623,166.348,168.656,189.651,166.297,174.357
"625",31.2,169.97,174.173,154.412,168.921,165.948,166.251,168.59,188.18,166.506,174.247
"626",31.25,170.112,175.827,155.289,169.439,163.415,166.234,168.741,187.255,166.458,174.095
"627",31.3,170.018,176.007,153.375,167.556,164.764,166.219,168.6,187.749,166.07,174.349
"628",31.35,170.062,175.935,154.816,168.832,165.75,166.31,168.636,187.252,166.343,174.305
"629",31.4,170.177,174.448,154.417,168.286,164.793,166.302,168.529,188.303,165.384,174.415
"630",31.45,170.119,174.097,154.622,168.681,165.109,166.267,168.706,189.014,166.027,174.309
"631",31.5,169.972,176.874,153.444,169.039,164.131,166.294,168.762,188.289,166.106,174.269
"632",31.55,170.017,175.595,153.973,168.949,166.331,166.267,168.708,188.951,165.724,174.295
"633",31.6,169.906,173.824,154.188,169.617,165.916,166.189,168.63,189.244,166.122,174.263
"634",31.65,170.04,175.282,153.535,169.273,166.018,166.227,168.734,188.43,165.911,174.296
"635",31.7,169.94,176.267,154.31,168.924,164.613,166.245,168.626,188.942,166.285,174.368
"636",31.75,169.924,174.732,153.582,168.018,165.958,166.306,168.784,188.594,166.175,174.324
"637",31.8,169.953,175.834,153.718,167.751,165.83,166.332,168.672,188.216,166.234,174.345
"638",31.85,169.9,174.865,153.791,169.095,165.511,166.263,168.618,188.963,165.364,174.237
"639",31.9,169.937,173.635,153.102,168.518,164.519,166.237,168.855,187.133,165.751,174.29
"640",31.95,169.98,176.077,153.872,168.536,164.716,166.187,168.719,188.847,166.498,174.271
"641",32,169.927,176.953,154.337,168.002,165.415,166.151,168.808,186.771,165.866,174.265
"642",32.05,169.881,176.45,153.605,168.9,164.854,166.209,168.651,187.104,165.833,174.29
"643",32.1,170.004,175.769,153.211,168.395,163.847,166.327,168.74,188.034,166.526,174.394
"644",32.15,169.864,174.703,153.232,169.825,164.171,166.15,168.669,187.283,165.682,174.333
"645",32.2,169.89,176.146,153.817,167.927,166.21,166.105,168.941,188.455,166.046,174.402
"646",32.25,169.85,175.267,154.714,168.755,164.013,166.18,168.614,188.569,166.242,174.399
"647",32.3,169.916,176.102,154.669,168.059,165.691,166.195,168.578,188.442,165.891,174.456
"648",32.35,169.943,176.6,152.673,168.76,165.103,166.255,168.589,187.52,166.518,174.451
"649",32.4,169.884,174.529,153.318,168.697,164.632,166.213,168.633,189.168,166.073,174.414
"650",32.45,169.898,176.12,155.596,168.642,165.842,166.203,168.739,187.73,166.187,174.431
"651",32.5,169.715,174.42,153.591,167.937,165.95,166.034,168.619,187.874,166.711,174.293
"652",32.55,169.698,175.21,154.448,168.983,165.636,166.162,168.586,188.669,165.684,174.363
"653",32.6,169.811,174.598,152.937,168.524,165.756,166.097,168.825,188.703,165.51,174.393
"654",32.65,169.854,175.343,153.973,168.324,166.551,166.056,168.549,187.387,165.908,174.525
"655",32.7,169.849,175.21,153.08,168.646,165.125,166.092,168.688,188.821,165.636,174.497
"656",32.75,169.861,175.264,153.125,168.866,163.062,166.169,168.64,187.935,165.936,174.528
"657",32.8,169.754,175.764,153.145,168.459,166.142,166.087,168.568,187.286,166.153,174.31
"658",32.85,169.778,176.071,153.623,167.844,165.653,166.108,168.681,187.874,165.847,174.413
"659",32.9,169.713,175.014,154.013,168.203,165.976,166.125,168.548,188.915,166.749,174.469
"660",32.95,169.701,175.017,153.956,168.034,166.532,166.054,168.549,188.407,166.428,174.313
"661",33,169.74,174.65,154.022,168.876,166.314,166.118,168.622,188.644,166.046,174.405
"662",33.05,169.728,174.99,154.121,167.981,164.426,166.147,168.597,187.004,166.04,174.367
"663",33.1,169.68,174.754,153.934,169.362,164.834,166.178,168.713,189.227,166.313,174.43
"664",33.15,169.698,174.926,153.819,168.327,165.963,166.048,168.719,188.089,166.154,174.396
"665",33.2,169.723,174.814,154.266,168.03,165.969,166.063,168.625,188.465,165.869,174.301
"666",33.25,169.791,175.602,153.217,168.404,165.835,166.015,168.69,187.627,166.319,174.511
"667",33.3,169.63,175.051,153.455,168.742,165.979,166.023,168.566,188.612,165.389,174.501
"668",33.35,169.643,174.605,153.613,168.183,167.113,166.027,168.53,186.925,165.183,174.522
"669",33.4,169.631,175.54,153.028,167.311,164.247,166.199,168.509,187.73,166.709,174.473
"670",33.45,169.6,176.775,153.44,167.751,167.521,166.133,168.518,188.07,165.401,174.413
"671",33.5,169.559,175.624,152.863,167.379,166.693,166.024,168.62,188.222,166.159,174.531
"672",33.55,169.517,176.433,154.173,167.949,164.935,166.027,168.625,187.379,165.327,174.411
"673",33.6,169.566,174.843,153.411,167.878,165.805,166.036,168.616,187.742,166.082,174.485
"674",33.65,169.627,176.407,152.591,167.932,165.508,166.144,168.618,189.125,166.033,174.542
"675",33.7,169.537,174.823,153.362,168.662,165.906,166.11,168.53,189.264,165.819,174.495
