plug.ID,Count ID,Sample name,Date & Time,Type,Total concentration,Total cells counted,Cube 1 name,Fluores.cell.ml,Cube 1 (%),Cube 1 cells counted
1,1993,1_1,2025-09-06T04:25:15.9610997+08:00,FL,946951,362,QDLP,384535,41,147
1,1994,1_2,2025-09-06T04:27:12.0756114+08:00,FL,923408,353,QDLP,374072,41,143
1,1995,1_3,2025-09-06T04:30:20.8044889+08:00,FL,782150,299,QDLP,397615,51,152
2,1878,02_1,2025-07-25T05:23:08.8292488+08:00,FL,439469,168,QDLP,18311,4,7
2,1879,02_2,2025-07-25T05:25:22.6082937+08:00,FL,559800,214,QDLP,2616,0,1
2,1880,02_3,2025-07-25T05:27:57.4086378+08:00,FL,400231,153,QDLP,49702,12,19
3,3450,3_r1,2025-12-18T07:23:41.4141848+08:00,FL,661820,253,QDLP,138642,21,53
3,3451,3_r2,2025-12-18T07:25:47.9460214+08:00,FL,711521,272,QDLP,138642,19,53
3,3452,3_r3,2025-12-18T07:27:43.1350126+08:00,FL,724601,277,QDLP,167417,23,64
4,1971,4_1,2025-09-06T03:41:52.7913414+08:00,FL,627813,240,QDLP,34007,5,13
4,1973,4_2,2025-09-06T03:45:46.1983997+08:00,FL,583343,223,QDLP,36622,6,14
4,1975,4_3,2025-09-06T03:49:10.8950999+08:00,FL,300827,115,QDLP,34007,11,13
5,3446,5_r1,2025-12-18T07:15:51.8524894+08:00,FL,520562,199,QDLP,102020,20,39
5,3448,5_r2,2025-12-18T07:18:41.9882416+08:00,FL,831852,318,QDLP,146490,18,56
5,3449,5_r3,2025-12-18T07:21:01.9302191+08:00,FL,719369,275,QDLP,172649,24,66
6,2037,6_1,2025-09-17T04:14:21.8666530+08:00,FL,719369,275,QDLP,334834,47,128
6,2038,6_2,2025-09-17T04:16:19.3614178+08:00,FL,497019,190,QDLP,253741,51,97
6,2039,6_3,2025-09-17T04:18:01.8697854+08:00,FL,729833,279,QDLP,353145,48,135
6,2040,6_2,2025-09-17T04:19:32.2407076+08:00,FL,701058,268,QDLP,253741,36,97
8,1895,08_1,2025-07-25T05:57:49.7348906+08:00,FL,960031,367,QDLP,366224,38,140
8,1896,08_2,2025-07-25T06:00:33.3001113+08:00,FL,721985,276,QDLP,350529,49,134
8,1897,08_3,2025-07-25T06:02:44.7759294+08:00,FL,701058,268,QDLP,410694,59,157
9,2041,9_1,2025-09-17T04:22:40.5635307+08:00,FL,408078,156,QDLP,193576,47,74
9,2042,9_2,2025-09-17T04:24:37.9273489+08:00,FL,672283,257,QDLP,264205,39,101
9,2043,9_3,2025-09-17T04:26:43.7663010+08:00,FL,609502,233,QDLP,224966,37,86
10,1928,10_1,2025-07-25T07:00:13.7690468+08:00,FL,303443,116,QDLP,91556,30,35
10,1929,10_2,2025-07-25T07:03:03.3949552+08:00,FL,784766,300,QDLP,68013,9,26
10,1930,10_3,2025-07-25T07:05:24.0930335+08:00,FL,640892,245,QDLP,88940,14,34
11,1961,11_1,2025-07-25T08:08:01.8994103+08:00,FL,198807,76,QDLP,26159,13,10
11,1962,11_2,2025-07-25T08:10:57.4573189+08:00,FL,272052,104,QDLP,18311,7,7
11,1963,11_3,2025-07-25T08:12:31.8622857+08:00,FL,272052,104,QDLP,23543,9,9
11,3410,11_r1,2025-12-18T04:32:43.8699908+08:00,FL,865859,331,QDLP,44470,5,17
11,3411,11_r2,2025-12-18T04:35:07.5240522+08:00,FL,714137,273,QDLP,57550,8,22
12,3753,12_r1,2026-03-05T06:12:11.0467560+08:00,FL,376688,144,QDLP,198807,53,76
12,3754,12_r2,2026-03-05T06:13:48.4122563+08:00,FL,329602,126,QDLP,104636,32,40
12,3756,12_r3,2026-03-05T06:16:09.4609041+08:00,FL,298211,114,QDLP,149106,50,57
13,3385,13_r1,2025-12-18T03:28:07.5842563+08:00,FL,434237,166,QDLP,143874,33,55
13,3386,13_r2,2025-12-18T03:32:00.9015963+08:00,FL,504866,193,QDLP,146490,29,56
13,3387,13_r3,2025-12-18T03:35:23.7373074+08:00,FL,551952,211,QDLP,211887,38,81
14,3398,14_r1,2025-12-18T04:02:39.4943832+08:00,FL,429006,164,QDLP,170033,40,65
14,3399,14_r2,2025-12-18T04:04:40.7191190+08:00,FL,531025,203,QDLP,219735,41,84
14,3400,14_r3,2025-12-18T04:06:27.3801609+08:00,FL,536257,205,QDLP,219735,41,84
15,3472,15_r1,2025-12-18T08:08:19.4151890+08:00,FL,852779,326,QDLP,379304,44,145
15,3473,15_r2,2025-12-18T08:10:08.1588943+08:00,FL,980958,375,QDLP,198807,20,76
15,3474,15_r3,2025-12-18T08:12:11.5648704+08:00,FL,970494,371,QDLP,143874,15,55
15,3475,15_r1,2025-12-18T08:34:48.8602508+08:00,FL,871091,333,QDLP,115099,13,44
16,1987,16_1,2025-09-06T04:13:29.3627351+08:00,FL,554568,212,QDLP,279900,50,107
16,1988,16_2,2025-09-06T04:15:07.5956825+08:00,FL,596422,228,QDLP,355761,60,136
16,1989,16_3,2025-09-06T04:17:03.8259997+08:00,FL,483939,185,QDLP,245893,51,94
17,2020,17_1,2025-09-06T05:21:37.1576313+08:00,FL,436853,167,QDLP,73245,17,28
17,2021,17_2,2025-09-06T05:23:54.0357182+08:00,FL,452549,173,QDLP,57550,13,22
17,2024,17_3,2025-09-06T05:28:53.8038738+08:00,FL,376688,144,QDLP,20927,6,8
17,2031,17_4,2025-09-06T05:43:41.9573289+08:00,FL,311291,119,QDLP,31391,10,12
18,1999,18_1,2025-09-06T04:38:30.3263575+08:00,FL,499635,191,QDLP,303443,61,116
18,2000,18_2,2025-09-06T04:41:58.9823219+08:00,FL,585959,224,QDLP,342681,58,131
18,2001,18_3,2025-09-06T04:44:13.6142279+08:00,FL,674899,258,QDLP,324370,48,124
19,1996,19_1,2025-09-06T04:32:10.9095922+08:00,FL,470860,180,QDLP,156953,33,60
19,1997,19_2,2025-09-06T04:34:09.6384093+08:00,FL,512714,196,QDLP,122947,24,47
19,1998,19_3,2025-09-06T04:35:53.1164530+08:00,FL,554568,212,QDLP,146490,26,56
20,1891,20_1,2025-07-25T05:48:50.8977146+08:00,FL,394999,151,QDLP,18311,5,7
20,1892,20_2,2025-07-25T05:51:15.4210121+08:00,FL,308675,118,QDLP,34007,11,13
20,1893,20_3,2025-07-25T05:54:23.4019531+08:00,FL,473476,181,QDLP,52318,11,20
21,1902,21_1,2025-07-25T06:12:32.3752590+08:00,FL,379304,145,QDLP,104636,28,40
21,1903,21_2,2025-07-25T06:14:45.0171167+08:00,FL,468244,179,QDLP,104636,22,40
21,1904,21_3,2025-07-25T06:16:35.9151400+08:00,FL,455164,174,QDLP,96788,21,37
21,3440,21_r1,2025-12-18T07:02:00.4498845+08:00,FL,588575,225,QDLP,230198,39,88
21,3441,21_r2,2025-12-18T07:03:41.0429732+08:00,FL,528409,202,QDLP,196192,37,75
21,3442,21_r3,2025-12-18T07:06:42.9048454+08:00,FL,554568,212,QDLP,230198,42,88
22,1976,22_1,2025-09-06T03:51:22.9241933+08:00,FL,394999,151,QDLP,175264,44,67
22,1977,22_2,2025-09-06T03:53:58.9080262+08:00,FL,452549,173,QDLP,175264,39,67
22,1978,22_3,2025-09-06T03:55:56.5191955+08:00,FL,546721,209,QDLP,185728,34,71
22,1979,22_2r,2025-09-06T03:57:53.4052826+08:00,FL,643508,246,QDLP,240662,37,92
23,1953,23_1,2025-07-25T07:52:52.3970033+08:00,FL,282516,108,QDLP,28775,10,11
23,1955,23_2,2025-07-25T07:55:50.4174724+08:00,FL,410694,157,QDLP,60165,15,23
23,1957,23_3,2025-07-25T07:58:37.3502391+08:00,FL,334834,128,QDLP,36622,11,14
24,1958,24_1,2025-07-25T08:01:24.9781749+08:00,FL,821389,314,QDLP,473476,58,181
24,1959,24_2,2025-07-25T08:03:59.4179300+08:00,FL,923408,353,QDLP,570264,62,218
24,1960,24_3,2025-07-25T08:06:19.5616207+08:00,FL,745528,285,QDLP,334834,45,128
25,3416,25_r1,2025-12-18T04:48:52.3163004+08:00,FL,803078,307,QDLP,162185,20,62
25,3417,25_r2,2025-12-18T06:07:37.9441826+08:00,FL,494403,189,QDLP,154337,31,59
25,3418,25_r3,2025-12-18T06:09:22.9303703+08:00,FL,918177,351,QDLP,162185,18,62
26,1872,26_1,2025-07-25T05:10:18.4382032+08:00,FL,567648,217,QDLP,329602,58,126
26,1873,26_2,2025-07-25T05:12:30.8603042+08:00,FL,525793,201,QDLP,279900,53,107
26,1874,26_3,2025-07-25T05:14:20.4161858+08:00,FL,653972,250,QDLP,355761,54,136
27,1881,27_1,2025-07-25T05:30:34.1285366+08:00,FL,447317,171,QDLP,306059,68,117
27,1882,27_2,2025-07-25T05:32:24.5925884+08:00,FL,465628,178,QDLP,245893,53,94
27,1883,27_3,2025-07-25T05:34:06.3436401+08:00,FL,449933,172,QDLP,287748,64,110
28,2015,28_1,2025-09-06T05:12:50.4637649+08:00,FL,583343,223,QDLP,109867,19,42
28,2017,28_2,2025-09-06T05:16:18.4337011+08:00,FL,565032,216,QDLP,91556,16,35
28,2019,28_3,2025-09-06T05:19:45.0616874+08:00,FL,507482,194,QDLP,102020,20,39
29,1983,29_1,2025-09-06T04:07:00.5178456+08:00,FL,978342,374,QDLP,455164,47,174
29,1984,29_2,2025-09-06T04:09:16.9187915+08:00,FL,714137,273,QDLP,400231,56,153
29,1985,29_3,2025-09-06T04:10:55.9471318+08:00,FL,920792,352,QDLP,507482,55,194
30,1868,30_1,2025-07-25T05:02:13.8958889+08:00,FL,449933,172,QDLP,277284,62,106
30,1869,30_2,2025-07-25T05:04:46.9299272+08:00,FL,525793,201,QDLP,253741,48,97
30,1870,30_3,2025-07-25T05:06:34.5420467+08:00,FL,355761,136,QDLP,180496,51,69
30,2032,30_4,2025-09-06T05:54:21.5074791+08:00,FL,559800,214,QDLP,248509,44,95
30,2033,30_5,2025-09-06T06:00:07.0460245+08:00,FL,426390,163,QDLP,238046,56,91
31,1990,31_1,2025-09-06T04:19:02.7758243+08:00,FL,687978,263,QDLP,408078,59,156
31,1991,31_2,2025-09-06T04:21:26.7046125+08:00,FL,779535,298,QDLP,436853,56,167
31,1992,31_3,2025-09-06T04:23:07.6925840+08:00,FL,721985,276,QDLP,512714,71,196
32,3463,32_r1,2025-12-18T07:51:24.4465483+08:00,FL,447317,171,QDLP,277284,62,106
32,3464,32_r2,2025-12-18T07:52:50.7496812+08:00,FL,609502,233,QDLP,193576,32,74
32,3465,32_r3,2025-12-18T07:54:27.3585966+08:00,FL,612118,234,QDLP,272052,44,104
33,1980,33_1,2025-09-06T04:00:32.1541752+08:00,FL,1048971,401,QDLP,287748,27,110
33,1981,33_2,2025-09-06T04:02:26.7279092+08:00,FL,1033276,395,QDLP,334834,32,128
33,1982,33_3,2025-09-06T04:04:44.4060080+08:00,FL,850164,325,QDLP,423774,50,162
34,2006,34_1,2025-09-06T04:55:16.6872786+08:00,FL,742912,284,QDLP,266821,36,102
34,2007,34_2,2025-09-06T04:57:20.0940030+08:00,FL,737680,282,QDLP,313907,43,120
34,2008,34_3,2025-09-06T04:59:38.0880561+08:00,FL,810925,310,QDLP,266821,33,102
35,3466,35_r1,2025-12-18T07:56:34.7664696+08:00,FL,653972,250,QDLP,232814,36,89
35,3467,35_r2,2025-12-18T07:58:37.4664723+08:00,FL,523178,200,QDLP,347913,66,133
35,3468,35_r3,2025-12-18T08:00:57.8366814+08:00,FL,821389,314,QDLP,245893,30,94
36,3433,36_r1,2025-12-18T06:46:10.0196253+08:00,FL,1106521,423,QDLP,120331,11,46
36,3435,36_r3,2025-12-18T06:51:08.9563441+08:00,FL,960031,367,QDLP,159569,17,61
36,3436,36_r2,2025-12-18T06:53:23.8914660+08:00,FL,1219004,466,QDLP,141258,12,54
37,3413,37_r1,2025-12-18T04:39:55.5400416+08:00,FL,748144,286,QDLP,159569,21,61
37,3414,37_r2,2025-12-18T04:41:54.4528355+08:00,FL,829236,317,QDLP,91556,11,35
37,3415,37_r3,2025-12-18T04:43:55.9346085+08:00,FL,923408,353,QDLP,170033,18,65
38,3407,38_r1,2025-12-18T04:24:16.2233453+08:00,FL,748144,286,QDLP,196192,26,75
38,3408,38_r2,2025-12-18T04:26:16.1302684+08:00,FL,685363,262,QDLP,272052,40,104
38,3409,38_r3,2025-12-18T04:29:27.9111381+08:00,FL,863243,330,QDLP,337450,39,129
39,3757,39_r1,2026-03-05T06:17:45.7217769+08:00,FL,455164,174,QDLP,83708,18,32
39,3758,39_r2,2026-03-05T06:19:22.4485988+08:00,FL,476092,182,QDLP,75861,16,29
39,3759,39_r3,2026-03-05T06:20:51.6226212+08:00,FL,640892,245,QDLP,217119,34,83
40,1950,40_1,2025-07-25T07:47:09.5692514+08:00,FL,337450,129,QDLP,68013,20,26
40,1951,40_2,2025-07-25T07:48:56.7350906+08:00,FL,277284,106,QDLP,68013,25,26
40,1952,40_3,2025-07-25T07:50:48.8090151+08:00,FL,449933,172,QDLP,78477,17,30
41,2034,41_1,2025-09-17T04:08:30.3091727+08:00,FL,405463,155,QDLP,196192,48,75
41,2036,41_3,2025-09-17T04:12:41.2496395+08:00,FL,306059,117,QDLP,219735,72,84
42,2009,42_1,2025-09-06T05:02:09.7189530+08:00,FL,703674,269,QDLP,190960,27,73
42,2011,42_2,2025-09-06T05:06:04.7819425+08:00,FL,737680,282,QDLP,128178,17,49
42,2012,42_3,2025-09-06T05:08:24.7868272+08:00,FL,557184,213,QDLP,285132,51,109
42,2013,42_3,2025-09-06T05:10:06.9289481+08:00,FL,779535,298,QDLP,133410,17,51
43,3430,43_r1,2025-12-18T06:36:32.8449213+08:00,FL,473476,181,QDLP,311291,66,119
43,3431,43_r2,2025-12-18T06:39:53.1418226+08:00,FL,834468,319,QDLP,230198,28,88
43,3432,43_r3,2025-12-18T06:42:23.4187790+08:00,FL,687978,263,QDLP,319138,46,122
44,1875,44_1,2025-07-25T05:16:13.8813338+08:00,FL,439469,168,QDLP,7848,2,3
44,1876,44_2,2025-07-25T05:18:45.7225166+08:00,FL,565032,216,QDLP,13079,2,5
44,1877,44_3,2025-07-25T05:20:38.3194129+08:00,FL,274668,105,QDLP,7848,3,3
45,1931,45_1,2025-07-25T07:09:03.6820546+08:00,FL,334834,128,QDLP,44470,13,17
45,1934,45_2,2025-07-25T07:13:36.1573353+08:00,FL,376688,144,QDLP,54934,15,21
45,1935,45_3,2025-07-25T07:16:17.6122325+08:00,FL,449933,172,QDLP,41854,9,16
46,1923,46_1,2025-07-25T06:52:12.5869299+08:00,FL,251125,96,QDLP,54934,22,21
46,1925,46_2,2025-07-25T06:54:41.9338025+08:00,FL,337450,129,QDLP,78477,23,30
46,1927,46_3,2025-07-25T06:58:16.2839813+08:00,FL,261589,100,QDLP,65397,25,25
47,2044,47_1,2025-09-17T04:28:20.7601716+08:00,FL,415926,159,QDLP,238046,57,91
47,2045,47_2,2025-09-17T04:30:38.2504754+08:00,FL,447317,171,QDLP,266821,60,102
47,2046,47_3,2025-09-17T04:32:21.3743032+08:00,FL,531025,203,QDLP,243278,46,93
48,1911,48_1,2025-07-25T06:28:51.7263566+08:00,FL,96788,37,QDLP,20927,22,8
48,1912,48_2,2025-07-25T06:31:05.8074913+08:00,FL,211887,81,QDLP,54934,26,21
48,1914,48_3,2025-07-25T06:34:54.9826451+08:00,FL,170033,65,QDLP,52318,31,20
49,3443,49_r1,2025-12-18T07:08:50.9196423+08:00,FL,421158,161,QDLP,162185,39,62
49,3444,49_r2,2025-12-18T07:11:51.7446788+08:00,FL,933872,357,QDLP,125563,13,48
49,3445,49_r3,2025-12-18T07:13:40.8625103+08:00,FL,931256,356,QDLP,130794,14,50
50,3401,50_r1,2025-12-18T04:10:33.6969687+08:00,FL,512714,196,QDLP,298211,58,114
50,3402,50_r2,2025-12-18T04:12:31.5941748+08:00,FL,533641,204,QDLP,342681,64,131
50,3403,50_r3,2025-12-18T04:14:36.0328585+08:00,FL,421158,161,QDLP,256357,61,98
51,1898,51_1,2025-07-25T06:04:53.9702656+08:00,FL,313907,120,QDLP,20927,7,8
51,1899,51_2,2025-07-25T06:06:59.3901445+08:00,FL,394999,151,QDLP,26159,7,10
51,1900,51_3,2025-07-25T06:08:59.3592047+08:00,FL,366224,140,QDLP,20927,6,8
52,1939,52_1,2025-07-25T07:26:20.9054623+08:00,FL,837084,320,QDLP,431621,52,165
52,1940,52_2,2025-07-25T07:28:35.0874835+08:00,FL,933872,357,QDLP,463012,50,177
52,1941,52_3,2025-07-25T07:31:08.6285353+08:00,FL,1213772,464,QDLP,538873,44,206
53,2025,53_1,2025-09-06T05:31:02.8346607+08:00,FL,761223,291,QDLP,371456,49,142
53,2026,53_2,2025-09-06T05:33:07.8744664+08:00,FL,915561,350,QDLP,363608,40,139
53,2027,53_3,2025-09-06T05:34:59.9904178+08:00,FL,962647,368,QDLP,397615,41,152
54,2047,54_1,2025-09-17T04:34:16.8069612+08:00,FL,549336,210,QDLP,415926,76,159
54,2048,54_2,2025-09-17T04:36:08.8195885+08:00,FL,476092,182,QDLP,308675,65,118
54,2050,54_3,2025-09-17T04:39:47.6210394+08:00,FL,619965,237,QDLP,381920,62,146
55,3469,55_r1,2025-12-18T08:02:47.6343616+08:00,FL,844932,323,QDLP,91556,11,35
55,3470,55_r2,2025-12-18T08:04:37.6001484+08:00,FL,842316,322,QDLP,96788,11,37
55,3471,55_r3,2025-12-18T08:06:13.8732181+08:00,FL,973110,372,QDLP,88940,9,34
56,3427,56_r1,2025-12-18T06:26:45.0656469+08:00,FL,384535,147,QDLP,167417,44,64
56,3428,56_r2,2025-12-18T06:30:26.2061830+08:00,FL,402847,154,QDLP,183112,45,70
56,3429,56_r3,2025-12-18T06:33:29.5521710+08:00,FL,413310,158,QDLP,227582,55,87
57,1906,57_1,2025-07-25T06:19:58.5553773+08:00,FL,701058,268,QDLP,117715,17,45
57,1907,57_2,2025-07-25T06:21:57.6133165+08:00,FL,826621,316,QDLP,125563,15,48
57,1909,57_3,2025-07-25T06:25:13.8545047+08:00,FL,910329,348,QDLP,112483,12,43
58,3437,58_r1,2025-12-18T06:55:49.9002892+08:00,FL,651356,249,QDLP,342681,53,131
58,3438,58_r2,2025-12-18T06:58:07.5363282+08:00,FL,789998,302,QDLP,465628,59,178
58,3439,58_r3,2025-12-18T07:00:00.2600112+08:00,FL,708906,271,QDLP,408078,58,156
59,3454,59_r1,2025-12-18T07:31:40.2128967+08:00,FL,735064,281,QDLP,167417,23,64
59,3461,59_r2,2025-12-18T07:48:04.0107667+08:00,FL,680131,260,QDLP,185728,27,71
59,3462,59_r3,2025-12-18T07:49:48.4785810+08:00,FL,855395,327,QDLP,222350,26,85
60,3389,60_r1,2025-12-18T03:42:01.2771800+08:00,FL,355761,136,QDLP,170033,48,65
60,3390,60_r2,2025-12-18T03:44:16.1691196+08:00,FL,251125,96,QDLP,167417,67,64
60,3391,60_r3,2025-12-18T03:46:48.4608403+08:00,FL,512714,196,QDLP,230198,45,88
61,3419,61_r1,2025-12-18T06:11:48.2489521+08:00,FL,782150,299,QDLP,112483,14,43
61,3421,61_r2,2025-12-18T06:14:40.0438994+08:00,FL,868475,332,QDLP,78477,9,30
61,3422,61_r3,2025-12-18T06:17:04.5587238+08:00,FL,517946,198,QDLP,60165,12,23
62,1942,62_1,2025-07-25T07:33:22.9515392+08:00,FL,402847,154,QDLP,78477,19,30
62,1943,62_2,2025-07-25T07:35:42.8081371+08:00,FL,405463,155,QDLP,68013,17,26
62,1949,62_3,2025-07-25T07:45:10.5996653+08:00,FL,340065,130,QDLP,62781,18,24
63,1919,63_1,2025-07-25T06:45:10.7579625+08:00,FL,596422,228,QDLP,117715,20,45
63,1920,63_2,2025-07-25T06:47:33.9177873+08:00,FL,491787,188,QDLP,130794,27,50
63,1921,63_3,2025-07-25T06:49:16.9907453+08:00,FL,557184,213,QDLP,190960,34,73
64,2002,64_1,2025-09-06T04:46:20.3194548+08:00,FL,245893,94,QDLP,34007,14,13
64,2003,64_2,2025-09-06T04:48:44.4472858+08:00,FL,303443,116,QDLP,26159,9,10
64,2005,64_3,2025-09-06T04:52:52.1060763+08:00,FL,272052,104,QDLP,39238,14,15
65,3395,65_r1,2025-12-18T03:56:27.4356084+08:00,FL,363608,139,QDLP,133410,37,51
65,3396,65_r2,2025-12-18T03:58:19.7423738+08:00,FL,478707,183,QDLP,190960,40,73
65,3397,65_r3,2025-12-18T04:00:37.2162729+08:00,FL,614734,235,QDLP,235430,38,90
66,3423,66_r1,2025-12-18T06:18:53.4376518+08:00,FL,653972,250,QDLP,122947,19,47
66,3424,66_r2,2025-12-18T06:21:00.7566824+08:00,FL,988806,378,QDLP,138642,14,53
66,3426,66_r3,2025-12-18T06:24:27.8515000+08:00,FL,860627,329,QDLP,172649,20,66
67,1865,67_1,2025-07-25T04:48:26.8240465+08:00,FL,538873,206,QDLP,264205,49,101
67,1866,67_2,2025-07-25T04:52:46.3167374+08:00,FL,515330,197,QDLP,277284,54,106
67,1867,67_3,2025-07-25T04:57:53.3049544+08:00,FL,455164,174,QDLP,287748,63,110
68,1887,68_1,2025-07-25T05:41:54.8539181+08:00,FL,408078,156,QDLP,188344,46,72
68,1888,68_2,2025-07-25T05:43:58.5159113+08:00,FL,444701,170,QDLP,115099,26,44
68,1890,68_3,2025-07-25T05:46:51.0186632+08:00,FL,591191,226,QDLP,269436,46,103
69,1915,69_1,2025-07-25T06:37:01.8264938+08:00,FL,523178,200,QDLP,222350,42,85
69,1917,69_2,2025-07-25T06:39:35.5437280+08:00,FL,429006,164,QDLP,245893,57,94
69,1918,69_3,2025-07-25T06:41:42.8448546+08:00,FL,457780,175,QDLP,248509,54,95
70,3404,70_r1,2025-12-18T04:16:49.6127681+08:00,FL,1143143,437,QDLP,463012,41,177
70,3405,70_r2,2025-12-18T04:19:20.4307599+08:00,FL,1082978,414,QDLP,497019,46,190
70,3406,70_r3,2025-12-18T04:21:52.5616577+08:00,FL,737680,282,QDLP,578111,78,221
71,1936,71_1,2025-07-25T07:18:11.4114887+08:00,FL,321754,123,QDLP,57550,18,22
71,1937,71_2,2025-07-25T07:20:58.7442703+08:00,FL,329602,126,QDLP,83708,25,32
71,1938,71_3,2025-07-25T07:23:17.8234356+08:00,FL,272052,104,QDLP,54934,20,21
72,1884,72_1,2025-07-25T05:36:00.4514773+08:00,FL,622581,238,QDLP,96788,16,37
72,1885,72_2,2025-07-25T05:37:47.4867157+08:00,FL,664435,254,QDLP,175264,26,67
72,1886,72_3,2025-07-25T05:39:44.7845533+08:00,FL,693210,265,QDLP,94172,14,36
962,3392,962_r1,2025-12-18T03:49:20.0687949+08:00,FL,355761,136,QDLP,122947,35,47
962,3393,962_r2,2025-12-18T03:51:44.6686535+08:00,FL,436853,167,QDLP,130794,30,50
962,3394,962_r3,2025-12-18T03:53:54.9095722+08:00,FL,397615,152,QDLP,120331,30,46
J42,2028,J42_1,2025-09-06T05:37:36.8444881+08:00,FL,714137,273,QDLP,177880,25,68
J42,2029,J42_2,2025-09-06T05:39:56.2104391+08:00,FL,881554,337,QDLP,149106,17,57
J42,2030,J42_3,2025-09-06T05:42:03.9964681+08:00,FL,656588,251,QDLP,188344,29,72