date,day,run,tank.ID,tank.treatment,plug.ID,channel,salinity,start.temp.C,end.temp.C,start.time,lights.on,run.end,light.values,stir speed,start.cut.time,end.cut.time,notes
7/16/25,day1,run.1,11,heated,66,1,34,30,30.2,10:38 AM,10:49 AM,11:08,647,400,10:36:51,11:08:07,"messing with it until 11:00 to some degree, may be noisy at lights"
7/16/25,day1,run.1,11,heated,37,2,,,,,,,,,,,
7/16/25,day1,run.1,11,heated,3,3,,29.9,30.2,,,,,,,,
7/16/25,day1,run.1,11,heated,25,4,,,,,,,,,,,
7/16/25,day1,run.1,11,heated,15,5,,29.9,30.4,,,,,,,,
7/16/25,day1,run.1,11,heated,5,6,,,,,,,,,,,
7/16/25,day1,run.1,11,heated,36,7,,,,,,,,,,,
7/16/25,day1,run.1,11,heated,49,8,,30.1,30.2,,,,,,,,
7/16/25,day1,run.1,11,heated,55,9,,,,,,,,,,,
7/16/25,day1,run.1,controls,heated,HT.control.1,10,,,,,,,,,,,
7/16/25,day1,run.2,11,heated,11,1,34,30.3,30.3,11:36 AM,11:55 AM,12:13 PM,659,,11:32:50,12:14:46,run good but control's negtive rate suspect
7/16/25,day1,run.2,7,heated,64,2,,,,,,,,,,,
7/16/25,day1,run.2,7,heated,57,3,,30.4,30.2,,,,,,,,
7/16/25,day1,run.2,7,heated,71,4,,,,,,,,,,,
7/16/25,day1,run.2,7,heated,62,5,,,,,,,,,,,
7/16/25,day1,run.2,11,heated,59,6,,30.4,30.1,,,,,,,,
7/16/25,day1,run.2,7,heated,48,7,,,,,,,,,,,
7/16/25,day1,run.2,7,heated,42,8,,30.3,30.2,,,,,,,,
7/16/25,day1,run.2,7,heated,63,9,,,,,,,,,,,
7/16/25,day1,run.2,controls,heated,HT.control.2,10,,,30.2,,,,,,,,
7/16/25,day1,run.3,11,heated,61,1,34,30.3,30.2,12:45 PM,1:05 PM,1:25 PM,,,12:45:10,13:24:44,
7/16/25,day1,run.3,7,heated,46,2,,,,,,,,,,,
7/16/25,day1,run.3,7,heated,69,3,,30,30.3,,,,,,,,
7/16/25,day1,run.3,7,heated,45,4,,,,,,,,,,,
7/16/25,day1,run.3,7,heated,10,5,,30.1,30.2,,,,,,,,
7/16/25,day1,run.3,7,heated,J4-2,6,,,,,,,,,,,
7/16/25,day1,run.3,7,heated,34,7,,29.9,30.4,,,,,,,,
7/16/25,day1,run.3,7,heated,72,8,,,,,,,,,,,
7/16/25,day1,run.3,9,heated,21,9,,30,30.2,,,,,,,,
7/16/25,day1,run.3,controls,heated,HT.control.3,10,,,,,,,,,,,
7/16/25,day1,run.4,7,heated,4,1,34,30.5,30.2,1:50 PM,2:09 PM,14:26,,,13:52:03,14:26:05,
7/16/25,day1,run.4,7,heated,30,2,,,,,,,,,,,
7/16/25,day1,run.4,7,heated,40,3,,30.4,30.2,,,,,,,,
7/16/25,day1,run.4,7,heated,17,4,,,,,,,,,,,
7/16/25,day1,run.4,7,heated,2,5,,30.5,30.4,,,,,,,,
7/16/25,day1,run.4,7,heated,51,6,,,,,,,,,,,
7/16/25,day1,run.4,7,heated,20,7,,30.5,30.3,,,,,,,,
7/16/25,day1,run.4,7,heated,44,8,,,,,,,,,,,
7/16/25,day1,run.4,7,heated,28,9,,,,,,,,,,,
7/16/25,day1,run.4,7,heated,23,10,,,,,,,,,,,
7/16/25,day1,run.5,controls,heated,HT.control.1.a,1,34,,,2:43 PM,2:53 PM,3:06 PM,,,14:43:09,15:15:20,
7/16/25,day1,run.5,controls,heated,HT.control.2.a,2,,,,3:07 PM,3:10 PM,3:15 PM,,,,,note that this wasn't running with other probes so time is off
7/16/25,day1,run.5,controls,heated,HT.control.3.a,3,,,,,,,,,,,
7/16/25,day1,run.5,controls,heated,HT.control.4.a,4,,,,,,,,,,,
7/16/25,day1,run.5,controls,heated,HT.control.5.a,5,,,,,,,,,,,
7/16/25,day1,run.5,controls,heated,HT.control.6.a,6,,,,,,,,,,,
7/16/25,day1,run.5,controls,heated,HT.control.7.a,7,,,,,,,,,,,
7/16/25,day1,run.5,controls,heated,HT.control.8.a,8,,,,,,,,,,,
7/16/25,day1,run.5,controls,heated,HT.control.9.a,9,,,,,,,,,,,
7/16/25,day1,run.5,controls,heated,HT.control.10.a,10,,,,,,,,,,,
7/16/25,day1,run.6,12,ambient,54,1,34,27.4,27.6,3:43 PM,3:56 PM,4:11 PM,,,15:43:24,16:09:22,
7/16/25,day1,run.6,12,ambient,32,2,,,,,,,,,,,
7/16/25,day1,run.6,12,ambient,65,3,,,27.5,,,,,,,,
7/16/25,day1,run.6,12,ambient,41,4,,,,,,,,,,,
7/16/25,day1,run.6,12,ambient,9,5,,,27.6,,,,,,,,
7/16/25,day1,run.6,12,ambient,902,6,,,,,,,,,,,
7/16/25,day1,run.6,12,ambient,6,7,,,27.5,,,,,,,,
7/16/25,day1,run.6,12,ambient,13,8,,,,,,,,,,,
7/16/25,day1,run.6,12,ambient,35,9,,,,,,,,,,,
7/16/25,day1,run.6,12,ambient,12,10,,,,,,,,,,,
7/16/25,day1,run.7,12,ambient,43,1,34,27,27,4:44 PM,4:56 PM,5:10 PM,,,16:44:07,17:10:12,
7/16/25,day1,run.7,12,ambient,47,2,,,,,,,,,,,
7/16/25,day1,run.7,10,ambient,26,3,,27,27.2,,,,,,,,
7/16/25,day1,run.7,10,ambient,70,4,,,,,,,,,,,
7/16/25,day1,run.7,10,ambient,68,5,,26.8,27.1,,,,,,,,
7/16/25,day1,run.7,10,ambient,27,6,,,,,,,,,,,
7/16/25,day1,run.7,10,ambient,14,7,,26.9,27.2,,,,,,,,
7/16/25,day1,run.7,10,ambient,58,8,,,,,,,,,,,
7/16/25,day1,run.7,10,ambient,38,9,,,27.3,,,,,,,,
7/16/25,day1,run.7,10,ambient,50,10,,,,,,,,,,,
7/17/25,day2,run.8,controls,ambient,AT.control.1.a,1,34,27.4,,9:35 AM,9:50 AM,10:06 AM,650,,9:33:35,10:04:41,
7/17/25,day2,run.8,controls,ambient,AT.control.2.a,2,,,,,,,,,,,
7/17/25,day2,run.8,controls,ambient,AT.control.3.a,3,,,,,,,,,,,
7/17/25,day2,run.8,controls,ambient,AT.control.4.a,4,,,,,,,,,,,
7/17/25,day2,run.8,controls,ambient,AT.control.5.a,5,,,,,,,,,,,
7/17/25,day2,run.8,controls,ambient,AT.control.6.a,6,,,,,,,,,,,
7/17/25,day2,run.8,controls,ambient,AT.control.7.a,7,,,,,,,,,,,
7/17/25,day2,run.8,controls,ambient,AT.control.8.a,8,,,,,,,,,,,
7/17/25,day2,run.8,controls,ambient,AT.control.9.a,9,,,,,,,,,,,
7/17/25,day2,run.8,controls,ambient,AT.control.10.a,10,,,,,,,,,,,
7/17/25,day2,run.9,10,ambient,56,1,34,27.4,27.8,10:31 AM,10:44 AM,11:06 AM,,,10:27:35,11:06:30,
7/17/25,day2,run.9,10,ambient,67,2,,,,,,,,,,,
7/17/25,day2,run.9,10,ambient,39,3,,27.6,,,,,,,,,
7/17/25,day2,run.9,10,ambient,50.r2,4,,,,,,,,,,,
7/17/25,day2,run.9,8,ambient,53,5,,27.5,,,,,,,,,
7/17/25,day2,run.9,8,ambient,52,6,,,,,,,,,,,
7/17/25,day2,run.9,8,ambient,1,7,,27.7,27.8,,,,,,,,
7/17/25,day2,run.9,8,ambient,16,8,,,,,,,,,,,
7/17/25,day2,run.9,8,ambient,19,9,,27.5,,,,,,,,,
7/17/25,day2,run.9,8,ambient,24,10,,,,,,,,,,,
7/17/25,day2,run.10,8,ambient,60,1,34,27.2,27.3,11:55 AM,12:13 PM,12:30 PM,,,11:54:28,12:34:26,
7/17/25,day2,run.10,8,ambient,67.r2,2,,,,,,,,,,,
7/17/25,day2,run.10,8,ambient,31,3,,27.2,2.4,,,,,,,,
7/17/25,day2,run.10,8,ambient,16.r2,4,,,,,,,,,,,
7/17/25,day2,run.10,8,ambient,33,5,,27.2,27.5,,,,,,,,
7/17/25,day2,run.10,8,ambient,22,6,,,,,,,,,,,"probe acting strange here, adjusted at 12:21 seems better"
7/17/25,day2,run.10,8,ambient,18,7,,27.1,27.5,,,,,,,,
7/17/25,day2,run.10,8,ambient,29,8,,,,,,,,,,,
7/17/25,day2,run.10,8,ambient,53.r2,9,,,,,,,,,,,
7/17/25,day2,run.10,control,ambient,AT.control.10,10,,,,,,,,,,,
7/17/25,day2,run.11,8,ambient,8,1,34,27,27.5,,,,,,12:55:45,13:44:24,"plug broke, so this is labeled as 672 on new plug"
7/17/25,day2,run.11,8,ambient,22.r2,2,,,,,,,,,,,
7/17/25,day2,run.11,control,ambient,AT.control.3.b,3,,,27.6,,,,,,,,
7/17/25,day2,run.11,control,ambient,AT.control.4.b,4,,,,,,,,,,,
7/17/25,day2,run.11,control,ambient,AT.control.5.b,5,,,27.5,,,,,,,,
7/17/25,day2,run.11,control,ambient,AT.control.6.b,6,,,,,,,,,,,
7/17/25,day2,run.11,control,ambient,AT.control.7.b,7,,,,,,,,,,,
7/17/25,day2,run.11,control,ambient,AT.control.8.b,8,,,,,,,,,,,
7/17/25,day2,run.11,control,ambient,AT.control.9.b,9,,,,,,,,,,,
7/17/25,day2,run.11,control,ambient,AT.control.10.b,10,,,,,,,,,,,
7/17/25,day2,run.12,control,ambient,AT.control.1.c,1,34,,,2:28 PM,2:35 PM,,,,14:19:58,14:46:14,
7/17/25,day2,run.12,control,ambient,AT.control.2.c,2,,,,,,,,,,,
7/17/25,day2,run.12,control,ambient,AT.control.3.c,3,,,,,,,,,,,
7/17/25,day2,run.12,control,ambient,AT.control.4.c,4,,,,,,,,,,,
7/17/25,day2,run.12,control,ambient,AT.control.5.c,5,,,,,,,,,,,
7/17/25,day2,run.12,control,ambient,AT.control.6.c,6,,,,,,,,,,,
7/17/25,day2,run.12,control,ambient,AT.control.7.c,7,,,,,,,,,,,
7/17/25,day2,run.12,control,ambient,AT.control.8.c,8,,,,,,,,,,,
7/17/25,day2,run.12,control,ambient,AT.control.9.c,9,,,,,,,,,,,
7/17/25,day2,run.12,control,ambient,AT.control.10.c,10,,,,,,,,,,,
7/17/25,day2,run.13,control,heated,HT.control.1.b,1,34,30,,2:54 PM,3:02 PM,3:10 PM,,,14:54:06,15:11:03,
7/17/25,day2,run.13,control,heated,HT.control.2.b,2,,,,,,,,,,,
7/17/25,day2,run.13,control,heated,HT.control.3.b,3,,,,,,,,,,,
7/17/25,day2,run.13,control,heated,HT.control.4.b,4,,,,,,,,,,,
7/17/25,day2,run.13,control,heated,HT.control.5.b,5,,,,,,,,,,,
7/17/25,day2,run.13,control,heated,HT.control.6.b,6,,,,,,,,,,,
7/17/25,day2,run.13,control,heated,HT.control.7.b,7,,,,,,,,,,,
7/17/25,day2,run.13,control,heated,HT.control.8.b,8,,,,,,,,,,,
7/17/25,day2,run.13,control,heated,HT.control.9.b,9,,,,,,,,,,,
7/17/25,day2,run.13,control,heated,HT.control.10.b,10,,,,,,,,,,,