coral.species,treatment,ploidy,genotype,plug.ID,fraction,sample.mass.mg,ug.N,d15N,ug.C,d13C,C.N.mol,d15N.h.s,d13C.h.s
Pocillopora acuta,ambient,diploid,11,1,host,1.122,39.2,4.7,173.1,-17.2,5.153821727,-0.4,0.00
Pocillopora acuta,heated,diploid,13,2,host,0.777,35.4,5.1,153.2,-17.4,5.050959595,0.2,0.00
Pocillopora acuta,heated,diploid,15,3,host,0.7903,36.1,5.3,159.7,-17.5,5.163166204,2.1,0.1
Pocillopora acuta,heated,triploid,20,4,host,0.7095,28.9,4.9,126.1,-17.7,5.092553908,-0.8,0.2
Pocillopora acuta,heated,diploid,13,5,host,0.7265,34.9,5.2,161.3,-17.5,5.394203563,1.6,-0.1
Pocillopora acuta,ambient,diploid,6,6,host,0.7342,29.6,4.9,135.8,-18.1,5.354592804,0.3,-0.3
Pocillopora acuta,ambient,diploid,6,8,host,0.629,30.6,5.2,130.9,-18.3,4.992713107,-0.4,-0.40
Pocillopora acuta,ambient,triploid,21,9,host,0.7135,28.7,4.6,141.2,-18.1,5.742105812,0.4,-0.3
Pocillopora acuta,heated,triploid,20,10,host,1.485,48.5,5,203,-17.5,4.885091363,-0.6,0.30
Pocillopora acuta,heated,diploid,8,11,host,0.7554,39.9,5.6,181.2,-16.4,5.300339508,0.4,0.3
Pocillopora acuta,ambient,diploid,13,12,host,0.5592,26.8,4.9,131.2,-18.8,5.713699978,0.3,-0.4
Pocillopora acuta,ambient,triploid,19,13,host,0.6017,29,4.8,149.8,-17.7,6.028818461,0.3,0.1
Pocillopora acuta,ambient,diploid,8,14,host,0.6481,29.4,5.3,146.9,-17.2,5.831668875,0.7,-0.8
Pocillopora acuta,heated,triploid,23,15,host,1.0017,29.6,5.1,149.5,-16.5,5.894783684,1,0.6
Pocillopora acuta,ambient,triploid,24,16,host,0.641,27.9,5,118.9,-16.6,4.973888466,-0.6,-0.40
Pocillopora acuta,heated,triploid,21,17,host,0.803,32,5.2,141.3,-17.4,5.153598424,0.3,0.10
Pocillopora acuta,ambient,diploid,13,18,host,0.724,32,4.7,144.5,-18.5,5.270311198,-0.9,-0.7
Pocillopora acuta,ambient,diploid,15,19,host,0.426,18.6,5,84.5,-17.5,5.30227387,-0.2,0.1
Pocillopora acuta,heated,triploid,23,20,host,0.806,33.4,5,139.9,-16.5,4.888657806,-0.2,0.20
Pocillopora acuta,heated,diploid,14,21,host,0.737,32.3,5,137.5,-17.3,4.968423039,0.0,0.50
Pocillopora acuta,ambient,triploid,20,22,host,0.596,21.4,4.8,91.4,-18.1,4.984835298,-0.8,-0.20
Pocillopora acuta,heated,diploid,6,23,host,0.6192,27.4,4.9,115.4,-18.3,4.915567194,-0.4,-0.1
Pocillopora acuta,ambient,triploid,30,24,host,0.806,30.5,5.8,134.5,-17.5,5.146841998,0.6,0
Pocillopora acuta,heated,triploid,21,25,host,NA,44.3,4.95,212.55,-17.65,5.599842009,0.55,-0.05
Pocillopora acuta,ambient,diploid,6,26,host,0.604,26,5.2,115.7,-18.1,5.19371844,-0.2,-0.30
Pocillopora acuta,ambient,triploid,21,27,host,0.649,27.9,4.8,128.5,-18,5.375480807,-0.3,0.20
Pocillopora acuta,heated,triploid,24,28,host,1.014,40.5,5.2,170.8,-16.1,4.922109084,0.5,0.60
Pocillopora acuta,ambient,triploid,23,29,host,0.893,41.4,4.5,177.3,-17.5,4.998351405,-0.8,0.00
Pocillopora acuta,heated,triploid,30,30,host,0.647,24.1,5.5,101.7,-17,4.925182203,-0.5,0.70
Pocillopora acuta,ambient,diploid,8,31,host,0.778,32.3,5.2,147.1,-16.6,5.315309302,-0.3,-0.1
Pocillopora acuta,ambient,triploid,24,32,host,NA,20.75,5,96.9,-16.6,5.450345925,0.8,-0.3
Pocillopora acuta,ambient,triploid,19,33,host,0.840,37.4,5,179,-17.6,5.585985704,0.0,-0.1
Pocillopora acuta,heated,diploid,14,34,host,1.614,49.3,5,212.8,-17.3,5.037825212,-0.2,0.20
Pocillopora acuta,ambient,diploid,8,35,host,0.5989,28.7,5.1,138.8,-16.7,5.64450628,0.1,-0.1
Pocillopora acuta,heated,triploid,20,36,host,1.1883,35.4,5.3,164.2,-17.9,5.413626407,0.3,0
Pocillopora acuta,heated,diploid,6,37,host,0.7646,41.4,6,182.9,-17.2,5.156223757,3.1,0.4
Pocillopora acuta,ambient,triploid,23,38,host,0.755,32.4,4.8,167.7,-17.4,6.040966725,0.5,-0.1
Pocillopora acuta,ambient,triploid,19,39,host,0.623,25.7,4.7,116.3,-16.8,5.281593622,-0.5,-0.10
Pocillopora acuta,heated,diploid,11,40,host,0.655,32.2,5.1,136.4,-16.5,4.943982101,-0.5,0
Pocillopora acuta,ambient,triploid,23,41,host,0.527,21.05,4.6,94.85,-16.3,5.259005514,-0.4,0.3
Pocillopora acuta,heated,diploid,6,42,host,1.115,37.1,5.6,155.6,-16.7,4.895015532,0.5,0.50
Pocillopora acuta,ambient,diploid,15,43,host,0.618,29.4,4.8,129.6,-17.5,5.144889627,0.4,-0.1
Pocillopora acuta,heated,diploid,8,44,host,0.7768,32.8,5.2,138.4,-16.4,4.924709729,-0.8,-0.1
Pocillopora acuta,heated,diploid,8,45,host,0.7718,33.9,5.6,143.4,-16,4.937053623,-0.3,0.2
Pocillopora acuta,heated,diploid,13,46,host,0.754,34.6,5.1,150,-17.6,5.059802338,0.2,-0.2
Pocillopora acuta,ambient,diploid,11,47,host,0.7253,32.9,4.8,166.9,-16.7,5.920778714,0.7,0.4
Pocillopora acuta,heated,triploid,30,48,host,0.743,31.5,5.8,124.8,-17.2,4.624048948,0.3,0.3
Pocillopora acuta,heated,diploid,11,49,host,0.6734,33.7,5.2,161.7,-17.1,5.600135177,1.1,0.1
Pocillopora acuta,ambient,triploid,24,50,host,0.6501,29.35,5.25,133.9,-16.65,5.324647506,0.15,-0.35
Pocillopora acuta,heated,triploid,19,51,host,0.5856,25.5,5.3,108.8,-15.9,4.979745021,0.1,0.3
Pocillopora acuta,ambient,diploid,14,52,host,1.042,39.8,4.8,184.5,-17.4,5.410428842,-0.5,0.40
Pocillopora acuta,ambient,triploid,21,53,host,0.926,36.8,4.9,162.6,-18.2,5.156928544,-0.1,-0.30
Pocillopora acuta,ambient,triploid,30,54,host,0.579,24.7,5,113.2,-17.9,5.348941704,0.4,-0.3
Pocillopora acuta,heated,triploid,19,55,host,0.8059,38.6,4.7,189.2,-17.1,5.720740111,-0.3,0.4
Pocillopora acuta,ambient,triploid,30,56,host,0.4195,18.7,5.6,89.8,-18.2,5.604709679,0.9,-0.5
Pocillopora acuta,heated,triploid,21,57,host,1.2773,42.5,5.1,182.8,-17.9,5.020022371,-0.3,-0.5
Pocillopora acuta,ambient,diploid,15,58,host,0.9072,41.7,4.9,197,-18.1,5.513768937,0.3,-0.6
Pocillopora acuta,heated,triploid,24,59,host,0.972,47,5.3,208.9,-16.3,5.187510314,1,0.1
Pocillopora acuta,ambient,diploid,11,60,host,0.5121,23.9,5.2,124.2,-17.1,6.065157541,0.5,0.2
Pocillopora acuta,heated,triploid,30,61,host,0.7368,34.5,6.05,153.9,-17.5,5.206404611,1.55,0.2
Pocillopora acuta,heated,triploid,24,62,host,1.966,22.1,5,90.2,-16.7,4.763571135,-0.2,0
Pocillopora acuta,heated,diploid,14,63,host,1.0578,49.1,5.3,209.7,-17.1,4.984657575,-0.2,0.2
Pocillopora acuta,heated,triploid,19,64,host,0.6005,23.9,5.3,103.4,-15.6,5.049414571,0.3,0.8
Pocillopora acuta,ambient,triploid,20,65,host,0.456,22.2,4.9,100.6,-17.8,5.288876152,-0.5,-0.3
Pocillopora acuta,heated,diploid,14,66,host,1.0378,51.2,5.3,234.4,-17.7,5.343256682,0.4,0.2
Pocillopora acuta,ambient,diploid,13,67,host,0.581,24.15,4.7,108.55,-18.6,5.246033793,-0.6,-0.40
Pocillopora acuta,ambient,triploid,20,68,host,0.6301,23.7,5.1,106.5,-17.8,5.244687943,-0.6,-0.20
Pocillopora acuta,heated,diploid,15,69,host,1.356,38.4,5.2,159,-16.9,4.832638296,0.5,0.00
Pocillopora acuta,ambient,diploid,14,70,host,0.8564,39.7,5.4,207.4,-17.9,6.097286981,0.7,0.2
Pocillopora acuta,heated,diploid,11,71,host,0.528,25.8,4.65,107.6,-16.75,4.867555998,-0.7,-0.45
Pocillopora acuta,heated,diploid,15,72,host,1.185,43.6,5.2,178.1,-16.9,4.767556201,-0.1,0.3
Pocillopora acuta,ambient,diploid,14,902,host,0.508,19,4.8,97.4,-18.3,5.983065359,-0.3,0.3
Pocillopora acuta,heated,triploid,23,J4-2,host,0.932,35.5,4.7,152.6,-15.6,5.017005437,0.1,0.40
Pocillopora acuta,ambient,diploid,11,1,symbiont,0.567,45.1,5.1,292.0,-17.20,7.556569842,NA,NA
Pocillopora acuta,heated,diploid,13,2,symbiont,0.551,49.2,4.9,255.4,-17.40,6.058626517,NA,NA
Pocillopora acuta,heated,diploid,15,3,symbiont,0.2505,24.3,3.2,118.4,-17.6,5.686745858,NA,NA
Pocillopora acuta,heated,triploid,20,4,symbiont,0.5092,40.6,5.7,228.1,-17.9,6.557188112,NA,NA
Pocillopora acuta,heated,diploid,13,5,symbiont,0.2933,27.3,3.6,127.9,-17.4,5.467972083,NA,NA
Pocillopora acuta,ambient,diploid,6,6,symbiont,0.651,47.1,4.6,308.8,-17.8,7.651996729,NA,NA
Pocillopora acuta,ambient,diploid,6,8,symbiont,0.451,35.8,5.6,211.7,-17.90,6.901702302,NA,NA
Pocillopora acuta,ambient,triploid,21,9,symbiont,0.7815,53.8,4.2,393,-17.8,8.525672892,NA,NA
Pocillopora acuta,heated,triploid,20,10,symbiont,0.571,54.7,5.6,278.1,-17.80,5.933788379,NA,NA
Pocillopora acuta,heated,diploid,8,11,symbiont,0.2086,20.2,5.2,93.5,-16.7,5.40229919,NA,NA
Pocillopora acuta,ambient,diploid,13,12,symbiont,0.3645,27.9,4.6,176.5,-18.4,7.383442509,NA,NA
Pocillopora acuta,ambient,triploid,19,13,symbiont,0.2668,20.2,4.5,128.5,-17.8,7.424550223,NA,NA
Pocillopora acuta,ambient,diploid,8,14,symbiont,0.4237,27.6,4.6,193,-16.4,8.161436728,NA,NA
Pocillopora acuta,heated,triploid,23,15,symbiont,0.2209,20.6,4.1,98.6,-17.1,5.586349277,NA,NA
Pocillopora acuta,ambient,triploid,24,16,symbiont,0.795,68.3,5.6,403.3,-16.20,6.891692786,NA,NA
Pocillopora acuta,heated,triploid,21,17,symbiont,0.387,35.6,4.9,181.2,-17.50,5.940549055,NA,NA
Pocillopora acuta,ambient,diploid,13,18,symbiont,0.9352,74.2,5.6,469.7,-17.8,7.388138803,NA,NA
Pocillopora acuta,ambient,diploid,15,19,symbiont,0.187,14.8,5.2,87.3,-17.6,6.884476463,NA,NA
Pocillopora acuta,heated,triploid,23,20,symbiont,0.450,38.4,5.2,225.9,-16.70,6.865993654,NA,NA
Pocillopora acuta,heated,diploid,14,21,symbiont,0.478,38.7,5.0,235.6,-17.80,7.10530479,NA,NA
Pocillopora acuta,ambient,triploid,20,22,symbiont,0.412,30.6,5.6,211.4,-17.90,8.063098173,NA,NA
Pocillopora acuta,heated,diploid,6,23,symbiont,0.3336,26.1,5.3,138.3,-18.2,6.184435492,NA,NA
Pocillopora acuta,ambient,triploid,30,24,symbiont,0.8001,65.7,5.2,408.8,-17.5,7.262128156,NA,NA
Pocillopora acuta,heated,triploid,21,25,symbiont,0.2544,22.2,4.4,121.8,-17.6,6.40343057,NA,NA
Pocillopora acuta,ambient,diploid,6,26,symbiont,0.905,73.1,5.4,442.5,-17.80,7.065034537,NA,NA
Pocillopora acuta,ambient,triploid,21,27,symbiont,0.487,36.9,5.1,242.1,-18.20,7.657496631,NA,NA
Pocillopora acuta,heated,triploid,24,28,symbiont,0.363,34.0,4.7,164.0,-16.70,5.629674978,NA,NA
Pocillopora acuta,ambient,triploid,23,29,symbiont,0.767,57.0,5.3,376.1,-17.50,7.700995487,NA,NA
Pocillopora acuta,heated,triploid,30,30,symbiont,0.421,34.7,6.0,179.1,-17.70,6.023993606,NA,NA
Pocillopora acuta,ambient,diploid,8,31,symbiont,0.444,34.6,5.5,216.8,-16.5,7.31310098,NA,NA
Pocillopora acuta,ambient,triploid,24,32,symbiont,0.3112,24.1,4.2,142.1,-16.3,6.881695094,NA,NA
Pocillopora acuta,ambient,triploid,19,33,symbiont,0.334,28.4,5.0,168.0,-17.5,6.904135923,NA,NA
Pocillopora acuta,heated,diploid,14,34,symbiont,0.750,62.0,5.2,386.7,-17.50,7.279488658,NA,NA
Pocillopora acuta,ambient,diploid,8,35,symbiont,0.2906,22.2,5,140.9,-16.6,7.407581012,NA,NA
Pocillopora acuta,heated,triploid,20,36,symbiont,0.2975,29.1,5,142.5,-17.9,5.715316249,NA,NA
Pocillopora acuta,heated,diploid,6,37,symbiont,0.2841,29,2.9,134.8,-17.6,5.425131699,NA,NA
Pocillopora acuta,ambient,triploid,23,38,symbiont,0.6832,46.4,4.3,326.1,-17.3,8.202593875,NA,NA
Pocillopora acuta,ambient,triploid,19,39,symbiont,0.686,51.7,5.2,363.2,-16.70,8.199241682,NA,NA
Pocillopora acuta,heated,diploid,11,40,symbiont,0.362,30.9,5.6,169.6,-16.5,6.405982673,NA,NA
Pocillopora acuta,ambient,triploid,23,41,symbiont,0.3704,22.8,5,164.1,-16.6,8.400248335,NA,NA
Pocillopora acuta,heated,diploid,6,42,symbiont,0.353,34.4,5.1,168.6,-17.20,5.720283048,NA,NA
Pocillopora acuta,ambient,diploid,15,43,symbiont,0.6617,46.5,4.4,317.8,-17.4,7.976627862,NA,NA
Pocillopora acuta,heated,diploid,8,44,symbiont,0.306,27.3,6,146.4,-16.3,6.258882822,NA,NA
Pocillopora acuta,heated,diploid,8,45,symbiont,0.2381,20.9,5.9,105.1,-16.2,5.869144756,NA,NA
Pocillopora acuta,heated,diploid,13,46,symbiont,0.519,45.1,4.9,251.5,-17.4,6.508483957,NA,NA
Pocillopora acuta,ambient,diploid,11,47,symbiont,0.2248,15.6,4.1,107,-17.1,8.005299238,NA,NA
Pocillopora acuta,heated,triploid,30,48,symbiont,0.306,27.6,5.5,135.0,-17.50,5.708776986,NA,NA
Pocillopora acuta,heated,diploid,11,49,symbiont,0.1938,19.2,4.1,95.9,-17.2,5.829559906,NA,NA
Pocillopora acuta,ambient,triploid,24,50,symbiont,0.5415,42.7,5.1,260.3,-16.3,7.114832566,NA,NA
Pocillopora acuta,heated,triploid,19,51,symbiont,0.5116,46.3,5.2,239.4,-16.2,6.034781443,NA,NA
Pocillopora acuta,ambient,diploid,14,52,symbiont,0.602,41.5,5.3,315.2,-17.80,8.864546107,NA,NA
Pocillopora acuta,ambient,triploid,21,53,symbiont,0.772,61.3,5.0,383.6,-17.90,7.303592183,NA,NA
Pocillopora acuta,ambient,triploid,30,54,symbiont,0.8065,58.1,4.6,386.1,-17.6,7.756076079,NA,NA
Pocillopora acuta,heated,triploid,19,55,symbiont,0.2242,21.3,5,94.9,-17.5,5.200019834,NA,NA
Pocillopora acuta,ambient,triploid,30,56,symbiont,0.2188,15.6,4.7,101.3,-17.7,7.578848718,NA,NA
Pocillopora acuta,heated,triploid,21,57,symbiont,0.9614,79.6,5.4,477,-17.4,6.993968991,NA,NA
Pocillopora acuta,ambient,diploid,15,58,symbiont,1.0929,56.6,4.6,387.1,-17.5,7.982246429,NA,NA
Pocillopora acuta,heated,triploid,24,59,symbiont,0.4947,46,4.3,230.6,-16.4,5.850862102,NA,NA
Pocillopora acuta,ambient,diploid,11,60,symbiont,0.2639,20.5,4.7,128.3,-17.3,7.304511657,NA,NA
Pocillopora acuta,heated,triploid,30,61,symbiont,0.238,21.4,4.5,95.8,-17.7,5.224805487,NA,NA
Pocillopora acuta,heated,triploid,24,62,symbiont,0.805,72.3,5.2,369.6,-16.7,5.966395746,NA,NA
Pocillopora acuta,heated,diploid,14,63,symbiont,0.2998,25.5,5.5,140.9,-17.3,6.448952881,NA,NA
Pocillopora acuta,heated,triploid,19,64,symbiont,0.3586,27.7,5,146.3,-16.4,6.164288385,NA,NA
Pocillopora acuta,ambient,triploid,20,65,symbiont,0.4372,34.1,5.4,227.4,-17.5,7.78313337,NA,NA
Pocillopora acuta,heated,diploid,14,66,symbiont,0.3483,29.6,4.9,169.3,-17.9,6.675497509,NA,NA
Pocillopora acuta,ambient,diploid,13,67,symbiont,0.388,30.1,5.3,195.2,-18.20,7.568881552,NA,NA
Pocillopora acuta,ambient,triploid,20,68,symbiont,0.317,24.2,5.7,162.5,-17.60,7.837118085,NA,NA
Pocillopora acuta,heated,diploid,15,69,symbiont,0.555,53.9,4.7,268.5,-16.90,5.813985121,NA,NA
Pocillopora acuta,ambient,diploid,14,70,symbiont,0.7121,49.1,4.7,357.7,-18.1,8.502680089,NA,NA
Pocillopora acuta,heated,diploid,11,71,symbiont,0.578,54.7,5.3,279.4,-16.30,5.961526332,NA,NA
Pocillopora acuta,heated,diploid,15,72,symbiont,0.491,46.3,5.3,238.1,-17.2,6.002011118,NA,NA
Pocillopora acuta,ambient,diploid,14,902,symbiont,0.4535,30.9,5.1,207.1,-18.6,7.822399832,NA,NA
Pocillopora acuta,heated,triploid,23,J4-2,symbiont,0.675,56.0,4.6,312.4,-16.00,6.51090546,NA,NA